duty_hours_day,weekly_duty_hours,deployment_days,night_shifts,workload_score,training_load,transfer_frequency,sleep_hours,leave_days,rest_days,self_reported_stress,fatigue_score,mood_score,social_support_score,target
10.2,57.1,38,3,9.6,1.1,1,5.2,4,7,3.9,6.7,5.5,4.6,MODERATE
8.7,44.5,56,1,6.2,8.2,2,7.0,1,11,1.7,3.6,7.5,4.4,MODERATE
10.6,58.2,94,3,8.2,6.1,1,6.6,24,6,8.2,6.9,4.4,4.7,MODERATE
12.8,65.7,0,4,4.9,9.9,3,5.7,6,11,10.0,6.6,2.8,7.4,MODERATE
8.4,54.1,5,4,5.1,6.3,2,5.5,18,1,1.6,3.5,7.8,3.2,MODERATE
8.4,56.2,76,3,8.9,1.5,1,5.2,5,0,4.9,5.9,6.6,1.2,MODERATE
12.9,65.6,21,2,9.1,1.5,1,7.5,22,8,1.2,4.2,8.5,5.4,MODERATE
10.9,68.8,29,8,3.1,8.9,3,4.9,15,6,2.2,3.4,7.7,5.0,MODERATE
7.8,46.8,38,3,2.8,8.6,1,5.5,13,9,3.9,3.2,7.3,1.5,MODERATE
10.4,56.5,39,4,5.5,4.1,2,6.6,11,0,4.5,4.6,6.3,2.2,MODERATE
7.8,40.2,93,4,9.1,6.6,1,8.4,5,3,9.5,5.8,3.2,5.6,MODERATE
7.8,46.5,180,7,3.9,5.4,0,6.7,25,4,4.6,4.2,6.7,3.1,MODERATE
9.6,59.9,44,4,6.9,9.7,2,7.3,26,4,5.5,4.4,5.8,8.9,MODERATE
4.2,31.6,11,2,7.4,9.5,1,6.6,25,4,3.2,4.5,7.1,2.6,MODERATE
4.7,30.0,74,2,8.0,9.9,1,7.7,21,10,1.0,2.9,9.1,1.2,MODERATE
7.6,39.1,1,3,6.1,8.8,1,9.0,12,2,9.1,5.8,4.2,5.0,MODERATE
6.5,38.5,9,4,4.6,9.2,0,5.9,14,4,1.7,3.6,7.8,9.9,MODERATE
9.8,53.4,79,5,9.7,3.0,2,6.5,23,3,9.7,8.6,2.8,6.7,HIGH
6.7,37.0,10,6,6.5,8.5,3,6.7,13,4,2.2,3.0,7.4,4.2,MODERATE
5.5,31.7,8,6,7.6,7.4,3,7.2,7,6,6.4,6.2,5.2,1.2,MODERATE
12.7,75.6,5,6,4.1,9.7,1,6.7,20,4,10.0,6.3,3.2,5.4,MODERATE
8.4,55.9,68,2,7.0,6.1,1,5.8,29,7,2.2,4.0,7.9,2.9,MODERATE
9.2,52.1,24,2,3.3,1.8,2,6.5,19,7,4.8,4.3,6.2,6.8,LOW
5.4,40.6,39,5,3.2,6.4,1,9.5,10,2,8.0,4.2,5.8,6.2,MODERATE
7.6,42.8,9,4,7.4,7.2,1,6.9,20,4,1.3,4.0,7.7,3.4,MODERATE
9.3,53.6,49,3,5.7,3.0,3,4.0,8,11,7.2,5.9,5.1,1.6,MODERATE
6.1,33.9,49,3,7.1,4.5,1,6.0,11,3,1.7,3.7,7.5,7.8,MODERATE
9.9,59.1,13,5,3.4,6.4,1,6.5,25,4,3.1,3.8,7.6,6.3,MODERATE
7.5,52.2,18,1,6.4,4.4,0,6.3,5,7,2.4,4.7,7.7,8.6,MODERATE
8.3,50.6,8,3,5.0,4.4,0,6.4,18,3,9.2,6.2,3.6,3.3,MODERATE
7.5,42.9,131,7,6.4,2.2,0,6.9,2,4,2.6,2.5,7.7,6.9,MODERATE
13.6,77.7,36,5,3.6,9.5,3,7.2,29,6,1.4,2.4,8.7,2.1,LOW
9.0,46.8,95,6,7.4,7.8,1,6.8,0,2,6.3,5.7,5.3,3.6,HIGH
6.4,45.3,12,5,8.3,1.0,1,7.7,14,5,4.1,4.7,7.4,6.9,MODERATE
11.1,63.0,53,4,3.3,7.9,2,4.6,14,8,4.7,4.7,5.8,8.4,HIGH
5.9,36.2,50,4,3.7,7.7,1,6.2,4,10,2.1,2.9,7.8,3.9,MODERATE
9.5,56.3,41,4,7.0,1.1,1,7.1,21,3,7.7,6.5,4.3,8.2,MODERATE
4.1,30.0,117,5,7.3,4.3,0,6.8,23,3,6.4,5.1,5.1,7.1,MODERATE
5.7,30.0,17,3,7.3,6.5,2,5.7,10,5,4.3,5.8,6.1,4.1,MODERATE
9.5,57.7,4,5,7.1,5.1,0,5.8,24,5,2.5,5.2,7.7,8.9,MODERATE
10.8,57.6,38,5,4.5,8.0,0,5.4,22,2,6.3,4.8,4.0,5.6,MODERATE
9.4,57.7,45,0,4.6,4.8,0,7.8,0,0,8.0,4.8,4.3,6.8,MODERATE
8.7,55.8,29,5,3.3,2.4,0,4.1,22,2,3.8,4.5,5.9,5.5,MODERATE
8.2,53.1,8,2,2.4,9.8,0,4.8,9,7,1.2,2.2,8.1,5.1,MODERATE
5.3,34.8,24,6,7.2,3.2,2,7.0,24,7,2.9,4.0,8.6,8.6,LOW
7.2,43.8,13,4,1.8,7.5,0,7.2,19,5,7.1,4.8,5.3,3.7,MODERATE
7.8,41.1,19,3,9.4,2.3,2,4.4,10,6,9.9,8.8,2.9,1.3,HIGH
11.6,69.6,36,5,8.4,4.0,0,7.3,27,1,1.1,4.8,8.0,8.9,MODERATE
9.9,53.6,47,7,8.7,5.0,0,6.7,6,8,3.8,5.2,6.9,8.4,MODERATE
4.6,30.5,9,4,9.2,2.7,1,7.2,24,2,1.6,3.9,7.1,4.3,MODERATE
9.8,53.3,18,2,4.7,5.0,3,6.6,16,1,3.8,4.0,7.4,2.7,MODERATE
8.0,42.0,10,5,8.6,2.4,3,7.1,11,4,4.7,5.3,5.7,7.1,MODERATE
7.3,45.9,7,3,2.4,6.0,4,7.1,25,0,9.3,5.2,3.5,1.7,MODERATE
10.5,53.3,53,0,1.2,7.0,2,7.1,24,4,1.7,1.9,8.8,4.8,LOW
11.6,69.2,83,3,8.1,1.6,2,6.8,3,9,8.0,6.1,4.3,1.8,MODERATE
11.3,61.3,16,9,1.7,8.8,1,6.4,11,3,4.6,3.6,6.7,6.4,MODERATE
6.9,34.5,48,4,9.9,2.7,1,6.4,23,11,8.3,6.7,3.2,1.2,MODERATE
8.2,48.7,79,5,7.1,3.0,0,6.8,2,5,5.6,5.0,5.7,6.7,MODERATE
9.8,49.7,65,4,7.8,7.0,1,7.6,17,11,1.4,3.6,8.7,7.1,LOW
11.4,61.1,7,2,3.2,5.2,1,9.1,28,4,9.5,3.9,3.8,5.4,MODERATE
7.8,49.6,109,3,7.1,5.5,1,7.2,11,8,1.7,4.0,8.6,2.6,MODERATE
8.5,43.4,16,4,1.4,2.2,1,7.0,23,4,6.4,2.9,5.5,1.9,MODERATE
6.2,43.6,14,5,8.5,8.3,0,8.1,23,7,8.9,7.0,3.5,3.8,MODERATE
6.0,30.1,2,4,2.5,6.6,1,7.0,18,11,1.7,1.7,9.4,5.2,LOW
11.0,58.7,23,5,7.3,2.2,0,5.1,12,1,6.0,5.9,4.9,6.8,HIGH
12.4,73.1,4,4,3.0,4.4,4,5.5,15,2,8.4,5.9,4.6,1.0,HIGH
8.8,48.7,10,4,1.6,8.3,0,8.9,7,2,9.9,5.9,4.3,7.4,MODERATE
11.5,59.0,13,5,5.3,6.1,0,5.6,26,2,7.5,6.0,4.5,7.4,MODERATE
9.9,54.9,57,5,2.5,2.0,3,7.2,26,5,3.5,2.0,7.4,5.0,LOW
7.4,41.1,72,3,7.6,4.4,1,5.2,5,6,7.3,7.1,3.8,4.1,MODERATE
9.9,62.1,12,3,3.1,3.2,0,8.2,9,6,7.4,4.3,5.7,8.6,LOW
12.8,68.7,68,2,4.1,5.7,1,5.9,24,11,7.3,5.4,5.4,8.1,MODERATE
8.9,56.3,68,1,6.1,8.6,0,6.6,9,6,8.7,6.6,4.4,9.8,MODERATE
12.9,77.9,50,6,3.6,4.9,0,6.2,28,11,1.8,1.8,8.5,4.3,MODERATE
4.0,30.0,5,3,4.4,4.9,0,7.2,5,2,2.0,3.0,8.6,9.2,LOW
11.1,69.1,41,3,8.3,9.1,1,6.7,7,0,6.8,6.0,4.8,1.8,MODERATE
9.2,51.7,101,3,2.6,6.2,2,7.7,17,5,9.6,5.9,3.0,4.7,MODERATE
8.3,56.0,40,5,1.7,6.1,1,7.4,16,2,5.2,3.7,6.9,5.2,MODERATE
9.2,47.3,14,4,4.0,3.4,1,6.9,25,2,9.6,5.2,4.5,5.0,MODERATE
4.0,30.3,24,6,4.8,6.5,0,7.3,9,2,9.4,6.6,2.8,6.6,MODERATE
8.5,49.9,36,3,5.9,6.2,1,7.4,1,8,9.1,6.4,3.0,2.5,MODERATE
9.9,55.3,25,1,4.4,4.6,2,6.0,11,11,9.2,5.4,3.8,8.8,MODERATE
12.7,73.0,4,3,8.1,9.9,0,5.9,19,3,9.1,7.3,3.7,6.0,MODERATE
7.7,49.1,13,7,1.4,8.9,3,8.5,9,4,8.4,4.7,3.8,9.1,MODERATE
7.0,35.1,56,5,4.9,7.7,1,7.4,8,2,7.3,4.6,5.1,1.0,MODERATE
7.7,41.0,69,4,4.4,5.8,2,7.0,15,9,1.2,3.4,8.1,6.7,LOW
11.3,67.2,5,6,6.8,5.2,1,5.5,6,11,2.2,3.5,8.2,4.7,HIGH
9.8,59.0,106,6,9.7,2.7,1,4.2,8,0,2.2,5.1,7.0,5.5,HIGH
7.7,53.0,13,2,5.6,3.8,2,6.1,24,11,1.2,2.9,8.9,7.7,LOW
10.3,62.9,37,3,9.9,8.0,2,5.9,24,3,2.1,5.7,7.2,3.0,MODERATE
9.2,60.3,48,6,3.7,5.1,0,6.1,23,0,9.3,5.8,3.1,2.8,MODERATE
11.4,67.5,58,4,1.3,8.9,4,7.6,5,10,7.0,3.3,5.5,7.3,LOW
7.2,40.5,101,1,2.5,2.3,0,8.5,29,10,3.8,2.9,6.3,5.7,LOW
8.2,42.6,13,2,4.6,5.6,0,7.9,26,6,8.1,5.6,4.0,3.1,MODERATE
8.0,51.7,68,5,3.8,6.8,1,5.7,9,6,5.4,4.9,6.0,5.4,MODERATE
5.3,36.2,4,3,1.9,5.7,2,7.2,6,3,2.3,2.2,7.3,5.1,LOW
9.7,49.2,42,5,4.9,9.0,4,5.9,30,4,9.0,6.4,2.3,7.2,MODERATE
9.7,53.9,47,4,4.0,9.9,1,4.1,17,9,4.0,4.2,5.6,1.0,MODERATE
9.0,59.4,39,5,2.1,2.0,0,6.4,10,6,7.3,5.5,5.4,6.3,MODERATE
8.4,49.5,10,5,3.7,2.2,1,8.1,0,5,3.6,3.7,7.1,6.5,LOW
5.5,34.0,72,3,9.0,2.2,0,6.1,28,3,5.5,6.6,5.0,7.7,MODERATE
7.9,46.4,6,6,3.7,7.1,1,7.6,20,3,8.3,5.5,4.7,9.0,MODERATE
8.1,43.6,1,6,7.4,4.4,1,5.6,23,1,2.4,4.8,7.2,5.0,MODERATE
7.0,40.5,44,4,6.5,7.6,0,7.4,18,9,9.8,6.0,3.4,4.1,MODERATE
8.6,48.5,22,2,4.8,4.6,1,6.2,22,1,1.6,3.5,8.2,1.9,MODERATE
10.0,50.8,66,3,3.2,6.6,1,8.5,4,11,5.8,3.8,5.7,4.0,MODERATE
13.7,80.0,16,5,4.3,7.9,2,6.1,27,3,9.2,6.8,3.5,1.6,MODERATE
9.4,53.2,6,5,6.3,5.9,1,5.8,25,4,9.5,7.4,3.4,8.2,MODERATE
9.6,60.3,63,3,4.2,5.9,0,8.4,28,3,3.1,3.3,7.4,8.3,LOW
8.8,56.8,27,3,2.9,1.8,0,5.8,23,2,2.3,2.2,8.0,4.8,MODERATE
4.2,30.0,7,3,2.0,4.7,0,6.8,5,10,7.5,4.5,4.7,3.3,MODERATE
8.9,54.4,44,2,8.9,5.9,0,5.8,21,1,1.4,4.2,6.9,2.1,MODERATE
9.2,53.1,25,4,5.0,5.2,2,7.7,6,3,5.4,4.5,6.1,8.7,MODERATE
15.2,89.2,32,1,6.6,9.1,5,8.2,22,10,8.2,5.6,3.6,8.9,MODERATE
8.5,45.7,21,6,5.4,9.2,2,5.6,3,4,6.0,5.2,5.8,3.4,MODERATE
9.8,59.2,61,5,8.9,8.4,1,7.2,25,0,2.7,4.8,7.2,6.6,MODERATE
8.9,53.6,61,4,5.9,4.4,1,7.3,15,0,5.4,4.5,6.0,3.3,MODERATE
6.1,34.9,43,2,5.3,7.5,1,6.7,27,5,9.3,6.4,3.8,3.0,MODERATE
11.9,61.5,3,4,9.3,4.6,3,8.5,9,4,6.6,5.1,4.7,1.2,MODERATE
10.9,64.3,63,5,7.5,3.1,4,8.5,25,10,7.5,5.3,4.8,6.2,MODERATE
11.0,66.1,38,5,2.0,4.1,1,5.4,14,3,4.0,3.9,7.0,2.3,HIGH
6.7,38.2,41,5,2.6,1.6,0,8.1,12,0,2.7,1.8,8.0,1.1,LOW
12.5,72.2,15,6,8.1,4.0,2,7.2,7,11,3.3,5.2,6.3,1.9,MODERATE
5.5,33.4,73,6,8.5,5.1,0,6.8,21,6,5.8,6.3,5.5,3.8,MODERATE
10.5,63.2,45,4,5.9,9.6,2,6.2,26,3,3.5,4.2,7.3,7.0,MODERATE
14.5,75.5,4,4,6.0,3.8,2,4.6,12,2,5.9,7.3,4.9,2.8,HIGH
6.5,45.9,18,5,6.7,9.1,0,6.9,23,6,7.4,6.5,3.8,9.0,MODERATE
7.6,42.3,76,6,5.0,3.1,4,6.9,6,1,7.6,5.0,4.4,3.6,HIGH
9.2,51.5,1,4,7.1,2.7,5,9.1,16,9,2.5,3.8,7.6,4.0,MODERATE
7.7,39.4,113,6,2.0,5.7,3,5.6,3,0,7.8,5.1,4.9,3.0,HIGH
5.1,30.0,39,2,9.7,7.1,1,4.4,6,10,7.1,7.0,3.6,3.3,MODERATE
9.2,53.7,34,3,7.8,1.4,0,5.0,15,3,1.1,3.7,8.1,1.7,MODERATE
6.3,35.5,11,4,6.7,3.0,1,8.6,24,7,1.5,3.5,8.0,3.7,MODERATE
10.2,63.5,10,5,3.8,5.1,1,5.9,1,5,6.8,4.8,5.1,8.7,MODERATE
6.7,33.7,99,4,2.4,4.0,0,8.3,30,8,4.5,3.0,6.2,7.2,LOW
12.9,70.2,12,6,4.7,7.4,1,6.5,20,0,2.3,2.9,7.9,8.9,MODERATE
7.0,40.1,52,2,7.0,5.6,2,5.2,24,0,1.4,3.7,8.0,1.9,MODERATE
8.2,41.3,17,7,6.7,2.4,0,9.1,24,10,2.4,3.2,7.3,5.1,MODERATE
11.0,56.9,5,2,4.4,9.1,1,8.2,21,4,9.6,5.9,3.4,3.1,MODERATE
5.9,35.7,0,3,6.5,3.6,0,6.3,22,5,7.5,4.8,4.5,7.5,MODERATE
9.6,55.4,27,7,8.3,7.6,2,7.8,24,7,5.7,5.4,5.8,9.7,MODERATE
12.3,67.6,130,2,1.2,8.0,1,6.7,13,2,9.5,4.8,3.4,8.3,MODERATE
5.0,33.0,16,3,5.1,9.7,0,7.1,13,5,6.6,5.7,5.0,1.3,MODERATE
9.5,56.4,15,2,7.8,5.5,4,8.8,25,2,7.5,7.2,3.7,3.8,MODERATE
9.6,48.1,14,5,5.9,6.5,0,4.5,7,7,3.5,4.6,6.6,1.3,MODERATE
11.0,62.0,25,1,6.9,4.0,1,6.0,29,11,6.3,4.9,5.5,1.4,MODERATE
5.9,44.0,20,4,5.7,7.1,2,6.5,25,10,2.3,3.7,7.9,1.7,MODERATE
5.7,36.3,74,2,9.9,5.2,2,6.9,5,10,4.6,5.6,5.8,3.5,MODERATE
10.3,61.7,24,4,1.5,4.9,0,4.9,21,3,1.3,3.5,8.2,3.7,MODERATE
9.7,53.2,24,4,5.4,8.7,3,7.7,6,1,2.9,4.3,6.5,4.6,MODERATE
9.6,59.6,5,3,1.8,1.5,3,5.0,6,11,1.7,3.2,8.9,4.6,MODERATE
9.9,61.1,142,3,2.4,8.9,1,4.9,1,8,4.5,3.8,7.0,7.9,LOW
7.3,44.3,10,3,4.4,8.7,1,6.2,24,9,8.6,6.2,4.2,2.3,MODERATE
9.6,62.6,2,4,2.4,5.6,0,9.0,3,7,4.4,2.9,6.1,2.4,MODERATE
9.7,50.4,38,4,9.7,5.4,1,9.5,12,5,8.5,6.6,3.5,6.6,MODERATE
7.2,36.3,31,3,9.5,4.3,1,7.1,28,2,6.9,5.7,4.7,6.1,MODERATE
13.7,80.1,18,5,4.0,9.9,2,6.2,9,1,5.6,5.1,4.7,2.4,MODERATE
10.2,63.1,19,3,6.8,2.0,1,6.7,8,3,3.1,4.3,7.6,8.7,MODERATE
6.0,31.8,53,5,5.8,6.3,2,6.9,14,3,9.3,6.3,4.2,4.0,MODERATE
10.6,57.0,7,1,8.3,7.1,0,8.4,30,0,1.5,3.3,9.3,4.3,MODERATE
6.6,33.3,60,6,6.6,9.4,0,4.9,11,8,7.2,6.0,4.1,4.8,MODERATE
11.0,59.4,36,6,1.0,8.0,0,8.1,26,9,6.6,3.7,5.6,3.9,MODERATE
11.9,71.1,19,2,7.9,6.8,0,4.6,30,7,5.0,5.1,6.6,6.0,HIGH
6.9,42.3,21,6,7.7,2.1,1,5.9,9,6,3.2,5.2,6.7,4.5,MODERATE
11.4,62.2,10,6,5.6,4.4,2,6.5,18,5,4.9,4.2,6.0,3.3,MODERATE
10.0,55.6,48,4,9.1,2.2,1,7.0,20,2,8.9,6.2,2.8,9.1,MODERATE
11.1,55.5,25,2,9.2,8.9,1,6.5,4,3,8.5,8.1,3.9,3.8,HIGH
13.7,73.0,13,3,5.7,7.7,2,6.7,6,1,9.5,6.1,3.4,7.3,MODERATE
8.4,51.7,31,5,6.5,7.8,1,6.6,27,6,3.8,4.1,6.5,4.1,MODERATE
7.1,50.1,180,3,10.0,6.9,1,4.5,19,1,4.5,7.0,5.8,4.9,MODERATE
6.8,46.7,19,1,3.7,5.6,1,7.2,10,9,1.2,3.4,8.5,3.1,LOW
7.0,35.4,88,3,3.9,2.3,2,7.6,15,0,9.5,4.9,3.9,7.8,MODERATE
8.8,57.5,14,4,2.6,4.0,0,8.2,30,5,4.0,2.4,7.2,7.6,LOW
9.9,61.2,1,4,9.1,2.2,0,8.9,12,3,4.6,4.5,7.2,1.2,MODERATE
9.7,60.2,7,5,7.7,7.5,1,7.0,27,7,9.2,7.4,3.1,1.5,MODERATE
11.1,62.4,18,4,2.0,2.4,3,8.3,3,0,5.7,4.2,6.7,9.3,MODERATE
9.0,51.0,8,1,9.8,7.3,1,6.5,15,8,6.1,5.9,5.5,9.0,MODERATE
12.6,67.5,0,4,7.6,7.2,2,4.6,12,5,2.6,5.6,7.2,5.6,HIGH
8.3,42.5,86,2,8.7,5.1,2,7.7,30,1,5.5,5.1,5.7,5.4,MODERATE
15.8,82.4,64,4,1.4,2.2,1,7.5,28,7,9.3,5.1,4.3,8.3,MODERATE
10.6,56.7,47,2,5.5,3.8,2,6.5,0,4,6.0,4.5,5.7,2.2,MODERATE
6.9,41.8,6,3,7.3,3.9,2,6.4,21,4,3.3,4.5,6.5,6.9,MODERATE
6.3,42.7,4,2,5.9,7.3,0,7.1,3,4,1.3,3.1,7.9,5.3,MODERATE
10.2,58.1,2,4,7.0,2.0,1,6.1,26,6,4.0,4.7,6.8,7.7,MODERATE
8.4,42.9,45,3,8.4,8.5,0,7.1,14,6,6.2,6.1,4.6,1.3,MODERATE
10.8,68.4,92,6,4.4,7.8,1,5.3,25,9,1.4,2.8,8.4,6.3,MODERATE
10.2,65.1,19,3,8.6,2.7,3,5.4,25,10,6.5,6.1,5.4,6.0,MODERATE
8.8,55.8,4,6,2.5,7.5,1,4.8,20,6,5.7,4.8,5.9,8.6,MODERATE
6.9,49.4,25,2,3.4,7.0,1,9.4,29,11,8.1,5.1,4.1,7.1,MODERATE
5.2,34.2,15,5,1.4,7.7,3,6.6,30,9,1.3,1.9,9.5,8.9,LOW
7.9,53.9,16,4,4.3,2.7,1,8.1,30,1,8.0,5.3,4.7,9.0,MODERATE
11.1,56.6,33,7,4.4,2.4,1,5.1,26,7,5.7,5.4,6.0,4.7,HIGH
9.5,53.0,44,4,8.2,3.1,3,6.3,24,0,4.3,5.7,5.0,2.2,MODERATE
5.9,32.9,4,2,6.9,4.3,1,7.2,15,1,9.7,6.3,3.4,6.7,MODERATE
9.4,49.9,1,4,4.9,8.1,2,8.4,3,10,2.4,2.5,8.5,8.9,LOW
10.0,52.1,180,8,6.9,7.6,0,5.7,16,6,5.9,5.4,6.3,1.7,MODERATE
6.8,43.3,9,3,1.5,9.3,0,6.0,30,3,3.9,4.2,6.1,6.0,MODERATE
9.4,58.7,1,2,2.6,1.5,1,5.5,10,10,5.7,4.7,6.3,2.0,MODERATE
9.1,54.2,7,5,6.6,1.1,1,6.3,24,9,6.0,5.7,6.1,1.2,MODERATE
6.1,32.7,1,4,6.8,7.3,4,5.2,4,9,1.8,4.4,6.8,7.1,LOW
9.9,61.7,17,2,8.0,3.5,4,4.6,25,8,7.0,6.2,4.9,7.1,MODERATE
10.4,61.5,56,6,4.6,4.0,3,6.8,12,10,6.7,6.0,5.2,6.4,MODERATE
11.7,64.3,14,3,7.5,5.9,1,7.4,11,8,7.9,6.4,4.0,8.7,MODERATE
11.6,68.1,20,2,7.2,1.9,4,5.0,28,2,1.8,4.7,7.4,1.7,HIGH
5.6,31.9,39,8,9.7,6.8,2,5.6,26,2,3.7,4.8,7.0,1.9,MODERATE
6.7,38.7,24,5,2.9,3.9,1,6.4,22,8,6.9,5.1,4.7,8.8,MODERATE
10.3,65.3,69,4,6.0,6.7,2,8.7,2,9,2.2,2.9,7.9,5.5,MODERATE
10.3,55.9,70,2,6.4,8.5,0,3.0,3,11,7.1,6.2,5.0,3.5,MODERATE
10.3,58.5,0,3,10.0,2.5,0,7.1,27,7,1.5,4.0,8.9,7.6,LOW
16.0,93.4,52,6,2.8,9.4,2,7.4,9,0,4.0,2.6,7.5,9.0,LOW
10.4,62.6,21,0,5.7,5.8,1,5.6,8,5,8.6,5.8,4.0,7.2,MODERATE
11.8,59.9,157,3,4.1,9.3,1,6.0,9,6,8.0,5.7,4.0,8.1,MODERATE
11.4,59.2,23,3,5.7,2.9,1,6.9,12,10,6.8,5.2,4.5,3.5,MODERATE
10.6,53.1,151,5,3.1,6.4,3,6.5,0,7,8.8,5.7,4.4,3.6,MODERATE
8.2,50.5,49,0,1.4,4.6,1,8.7,11,11,7.4,4.6,4.8,8.8,MODERATE
10.9,61.2,10,5,6.2,8.0,1,6.6,10,11,5.7,5.1,6.2,6.5,MODERATE
7.1,37.5,27,4,4.0,6.5,0,7.6,20,1,9.8,4.7,3.5,3.1,MODERATE
8.4,56.4,169,2,2.6,5.5,0,7.1,7,0,7.3,4.4,4.7,5.7,MODERATE
7.8,46.9,68,4,3.9,9.2,4,7.4,25,3,6.4,5.1,5.5,7.2,MODERATE
9.2,49.6,3,6,1.4,4.4,1,5.5,22,0,4.7,3.6,6.5,3.0,MODERATE
14.8,81.5,42,8,9.6,3.0,1,6.8,13,1,9.1,8.2,2.4,6.9,HIGH
4.3,31.7,14,3,6.2,6.5,1,6.4,13,2,3.7,4.6,7.7,1.4,MODERATE
10.7,54.6,0,2,8.3,6.6,3,5.6,19,3,1.1,3.3,8.1,3.7,MODERATE
5.0,30.0,18,3,4.8,5.0,1,7.7,22,11,2.8,3.3,8.1,7.1,LOW
7.8,51.1,9,3,9.1,5.4,2,3.9,16,11,2.0,5.5,7.8,2.3,MODERATE
11.7,65.4,59,2,5.3,9.6,1,8.3,21,5,3.9,4.2,6.2,3.0,MODERATE
9.2,54.2,14,1,6.2,7.6,0,3.6,24,7,8.4,8.0,2.9,8.9,HIGH
6.3,38.0,61,7,5.4,2.0,3,6.3,18,8,6.9,5.9,4.6,7.1,MODERATE
7.2,36.7,0,5,7.6,2.9,3,7.7,19,3,2.5,4.2,7.1,5.5,MODERATE
10.7,56.0,12,8,6.1,9.8,3,5.0,23,0,8.1,6.9,4.7,2.9,MODERATE
7.2,42.7,9,3,3.4,7.5,3,7.1,27,4,5.5,4.0,5.9,4.1,MODERATE
9.5,50.6,9,4,2.3,9.2,2,6.9,20,4,5.6,3.1,6.7,6.2,MODERATE
9.1,46.2,2,5,6.5,3.7,2,6.9,20,8,4.3,4.6,6.7,2.4,MODERATE
7.4,49.7,7,7,5.4,7.7,2,6.0,30,5,8.8,6.5,3.8,5.3,MODERATE
14.4,86.7,28,5,1.9,7.4,1,5.9,16,4,3.9,2.8,7.2,4.7,MODERATE
10.6,64.9,12,1,4.6,3.7,0,4.5,5,9,1.8,4.4,8.4,5.3,MODERATE
4.0,32.8,18,3,5.6,6.0,1,6.4,13,9,3.7,4.7,6.3,2.0,MODERATE
9.5,51.1,16,3,8.4,6.6,4,7.7,17,4,7.4,5.5,5.5,2.0,MODERATE
7.3,50.9,73,7,1.7,5.3,1,5.9,16,7,6.9,5.2,4.3,9.7,MODERATE
11.1,58.5,82,3,4.1,8.4,3,6.0,5,10,2.7,3.4,8.0,9.8,LOW
7.0,49.3,23,4,8.4,8.5,0,8.6,4,0,2.0,3.4,7.3,4.8,MODERATE
8.7,58.4,14,0,6.8,8.7,1,6.3,12,4,6.9,6.4,4.5,8.1,MODERATE
10.3,62.2,3,4,3.6,8.2,1,7.0,15,0,7.1,4.8,5.1,6.9,MODERATE
11.2,70.7,107,3,8.6,5.4,0,7.2,20,6,4.3,6.1,5.8,2.1,MODERATE
6.0,38.5,2,4,5.4,4.4,0,6.3,8,6,8.6,5.7,3.9,3.7,MODERATE
8.2,44.9,12,4,5.5,8.5,0,7.4,11,9,9.8,5.5,2.8,3.8,MODERATE
7.8,45.6,12,2,9.8,5.4,2,7.8,30,7,2.9,4.6,6.7,6.4,MODERATE
7.4,45.9,13,6,9.5,3.2,0,7.7,9,6,6.2,6.4,5.2,6.2,MODERATE
13.4,68.1,6,5,4.2,5.6,0,7.8,25,10,1.0,1.9,8.9,9.3,LOW
10.0,59.3,53,4,2.3,2.3,0,3.8,12,8,7.4,4.8,4.5,8.1,MODERATE
5.8,43.7,4,2,3.9,7.2,2,5.0,18,7,4.7,4.7,6.9,8.7,MODERATE
11.3,59.4,35,5,1.3,4.0,1,5.8,15,7,2.7,2.0,7.4,9.0,LOW
14.3,83.4,4,1,1.2,3.3,1,5.5,16,2,7.8,5.0,4.4,8.2,HIGH
11.6,71.6,2,4,4.6,9.6,1,5.6,15,9,8.3,5.8,3.9,4.0,MODERATE
5.2,40.2,84,5,9.5,8.0,0,7.7,29,3,2.0,4.6,7.9,2.9,MODERATE
7.8,53.4,7,0,8.8,8.1,2,6.6,13,3,1.4,3.5,8.3,6.1,MODERATE
12.2,68.8,60,3,5.6,6.6,2,6.3,15,0,4.0,5.0,6.4,7.2,MODERATE
7.2,50.7,27,1,6.1,8.6,0,6.2,23,5,6.6,5.5,4.1,4.5,MODERATE
10.1,61.9,2,3,1.1,7.8,1,6.0,14,1,8.1,5.2,4.8,8.6,MODERATE
10.9,56.9,108,3,2.9,6.4,0,6.2,11,8,5.9,4.8,5.5,9.6,MODERATE
6.7,40.7,9,1,1.2,9.7,0,8.3,4,0,6.2,2.8,6.1,6.1,MODERATE
8.9,55.3,68,2,7.8,2.7,2,4.2,10,0,8.2,7.8,3.2,5.1,HIGH
4.0,30.0,6,6,2.3,9.5,1,8.2,4,10,5.8,2.8,5.8,8.6,LOW
6.4,41.6,67,7,8.8,4.6,0,9.5,23,9,6.5,4.7,6.1,1.2,MODERATE
8.4,52.0,0,2,6.8,5.8,1,8.1,23,10,5.6,5.8,4.6,2.2,MODERATE
5.9,31.9,25,5,3.1,2.1,4,5.2,10,5,8.9,6.5,3.1,8.6,MODERATE
13.1,74.0,51,3,2.4,5.9,2,5.9,1,0,3.1,4.2,7.9,7.6,MODERATE
5.4,38.6,95,5,6.6,6.5,3,7.8,18,11,3.4,3.8,7.5,4.7,MODERATE
7.9,47.0,83,0,9.1,10.0,1,6.2,25,2,2.2,4.8,7.3,9.0,MODERATE
9.3,46.7,59,5,7.5,9.8,1,5.8,25,9,8.4,7.1,4.3,4.2,MODERATE
12.6,63.1,76,2,4.1,9.7,1,6.4,16,1,4.7,4.2,6.6,6.7,MODERATE
5.4,32.4,7,1,6.3,4.1,0,5.0,30,10,4.1,4.7,6.7,6.7,MODERATE
11.9,73.4,11,1,3.8,9.9,1,6.3,18,8,9.8,5.7,3.5,2.7,MODERATE
9.0,48.4,11,4,10.0,5.1,1,4.9,11,4,9.3,8.4,3.1,3.6,HIGH
6.5,42.0,16,1,7.7,8.7,0,7.4,19,5,9.7,6.4,3.5,9.2,MODERATE
10.2,54.3,17,4,6.5,2.9,2,5.4,26,1,2.3,3.7,8.8,2.7,MODERATE
9.5,52.3,27,4,4.8,5.6,0,6.6,22,7,9.0,6.3,3.5,2.6,MODERATE
7.5,50.2,6,2,6.6,9.7,1,5.9,24,5,4.0,4.8,6.5,5.3,MODERATE
9.2,56.9,41,3,4.1,9.5,0,7.0,27,10,1.1,3.0,7.9,1.8,LOW
8.0,41.4,6,3,1.3,7.2,1,7.6,4,11,4.5,2.7,6.9,9.1,LOW
9.3,52.9,13,7,4.6,8.2,0,6.9,11,7,5.6,4.3,6.8,1.9,MODERATE
10.7,53.9,24,5,9.4,2.6,0,5.6,15,7,2.0,5.2,7.9,6.5,MODERATE
13.0,72.2,55,5,6.6,7.5,1,5.8,0,0,5.8,5.2,5.3,4.1,MODERATE
5.9,39.4,47,2,1.8,6.6,1,9.5,1,6,8.4,3.7,4.7,8.2,LOW
14.3,73.3,36,0,9.0,1.8,1,7.7,9,1,4.4,4.8,5.7,6.3,MODERATE
4.1,30.0,5,3,3.4,2.0,0,6.2,1,10,4.2,3.7,6.3,4.5,MODERATE
8.6,49.0,27,4,3.2,2.0,1,5.8,24,7,4.0,4.7,6.7,9.9,MODERATE
10.5,66.3,3,7,3.7,7.5,1,4.6,9,11,9.3,5.8,3.4,1.6,MODERATE
9.7,63.4,16,3,6.2,2.3,1,8.0,22,1,1.4,3.7,7.7,6.2,MODERATE
7.4,37.7,18,5,5.9,5.2,2,5.6,17,3,5.0,5.5,6.1,9.9,MODERATE
8.5,53.9,1,3,5.4,4.2,1,7.9,0,1,3.4,4.4,6.9,7.2,MODERATE
7.8,44.6,11,5,7.5,6.0,1,7.6,4,6,9.0,8.1,2.3,7.7,HIGH
7.5,43.4,109,3,3.8,7.4,3,8.3,11,4,1.9,3.1,7.1,1.3,LOW
11.1,66.8,107,3,8.0,7.2,2,7.5,16,10,4.7,5.5,5.7,1.2,MODERATE
9.9,63.3,15,3,2.6,5.6,5,6.2,24,10,4.7,3.1,5.9,1.3,MODERATE
7.3,50.8,1,2,8.0,5.2,2,6.5,18,8,9.0,6.5,2.6,9.9,MODERATE
11.2,64.7,6,1,7.0,4.6,1,6.5,17,4,2.9,4.5,7.8,9.8,MODERATE
9.8,54.4,17,6,7.1,8.8,0,6.2,29,10,6.8,5.1,5.0,4.0,MODERATE
11.0,66.8,103,5,5.3,4.0,2,4.4,12,7,2.2,4.5,7.4,3.6,HIGH
10.6,56.8,5,6,7.0,3.3,5,3.7,21,1,9.6,6.8,3.1,2.3,MODERATE
6.9,43.0,50,4,1.7,7.7,1,7.5,2,2,6.3,4.4,5.0,4.0,MODERATE
7.6,43.4,4,2,8.7,4.2,3,6.3,20,5,6.6,6.2,5.0,4.3,MODERATE
10.9,64.3,139,5,1.5,8.6,1,7.7,9,10,4.9,3.2,6.5,7.7,LOW
10.5,56.1,16,6,2.3,4.0,1,6.0,13,6,4.1,3.2,6.6,8.8,LOW
8.9,47.4,52,6,6.2,7.3,3,6.5,7,9,2.9,3.1,7.3,7.7,LOW
9.3,60.3,14,7,7.7,1.4,2,7.7,9,7,6.4,6.2,4.3,6.8,MODERATE
12.2,62.5,34,5,1.7,4.5,5,8.5,1,2,9.6,5.5,3.3,7.9,MODERATE
7.5,45.1,7,2,9.3,4.1,2,6.1,27,6,4.2,5.5,6.1,7.6,MODERATE
10.4,55.3,5,3,9.8,8.4,1,5.2,12,7,8.9,8.3,2.8,5.3,HIGH
8.5,43.1,97,4,6.5,9.7,1,8.1,4,9,2.3,3.2,7.9,4.0,MODERATE
8.5,43.0,87,4,5.3,5.1,3,6.1,10,5,9.4,6.7,3.3,3.5,MODERATE
11.7,61.1,76,2,7.7,8.4,1,5.9,23,3,4.2,5.6,6.3,7.1,MODERATE
11.1,68.5,34,5,4.0,7.3,0,6.0,0,5,4.4,4.4,7.0,9.6,LOW
11.0,59.2,57,4,5.4,9.7,1,5.6,25,8,5.2,5.7,6.0,6.2,MODERATE
12.3,75.8,2,3,9.2,8.3,1,7.5,9,2,7.5,6.8,4.7,9.2,MODERATE
9.1,54.2,14,4,9.6,1.7,0,4.8,29,1,7.5,7.5,3.6,1.1,HIGH
10.7,60.0,13,6,9.3,7.4,2,6.6,26,4,5.3,5.5,5.4,8.2,MODERATE
8.2,49.7,35,3,3.4,5.8,0,6.8,28,6,5.7,4.0,6.3,8.7,LOW
9.8,56.8,15,2,3.1,1.1,1,5.7,27,2,1.3,3.1,8.8,6.7,MODERATE
8.7,54.9,5,5,3.7,3.3,2,8.6,12,4,3.7,2.3,7.1,9.4,LOW
9.2,50.2,31,5,5.0,9.3,1,7.7,27,3,4.1,4.4,6.9,6.3,MODERATE
10.5,57.8,58,5,3.8,9.3,2,5.9,3,10,6.0,4.6,5.1,3.2,MODERATE
7.0,48.4,16,3,4.4,8.2,1,6.4,20,6,6.0,4.4,5.9,2.9,MODERATE
14.2,85.2,4,7,6.6,9.8,4,7.7,29,1,7.4,5.1,4.8,6.0,MODERATE
6.5,45.9,7,3,7.9,8.3,0,6.6,9,11,7.5,6.7,3.5,9.2,MODERATE
6.0,36.3,9,3,7.6,1.1,0,8.3,11,10,3.1,4.0,7.0,1.7,MODERATE
11.9,71.2,12,2,8.3,3.6,3,7.2,13,6,7.9,7.3,5.0,6.4,MODERATE
11.0,62.1,36,5,1.3,1.3,2,6.8,26,11,1.2,1.2,9.1,7.9,LOW
10.6,60.5,32,3,1.4,1.8,0,6.8,2,1,7.4,4.1,6.2,2.0,MODERATE
10.6,56.1,41,4,8.1,3.0,5,9.5,27,2,1.9,3.3,7.3,2.1,MODERATE
9.0,53.9,15,4,5.8,5.5,1,5.2,1,4,7.6,5.8,4.8,4.3,MODERATE
6.8,36.8,60,4,6.2,8.6,4,5.1,27,6,5.7,5.6,4.2,3.5,MODERATE
9.2,51.0,7,4,1.5,8.8,1,6.2,18,5,4.9,3.7,6.4,2.8,MODERATE
7.3,49.3,22,5,3.3,6.5,1,8.3,30,11,7.2,4.6,5.3,2.8,MODERATE
11.4,60.1,56,4,6.7,9.4,1,3.3,10,6,1.3,5.3,8.2,2.2,HIGH
8.6,44.1,6,6,8.7,5.5,1,4.0,20,10,3.0,5.0,6.6,6.5,MODERATE
6.9,35.5,4,4,9.3,9.0,1,6.0,6,5,6.5,6.8,5.2,7.2,MODERATE
8.2,55.1,75,1,5.5,5.1,1,9.3,17,11,8.6,5.0,3.9,7.3,MODERATE
10.0,57.6,14,1,5.9,3.5,0,6.5,28,0,4.4,4.8,6.3,5.8,MODERATE
7.6,44.1,40,3,8.5,9.2,0,5.0,30,4,3.3,5.6,6.5,9.6,MODERATE
6.9,46.7,0,6,5.8,4.5,0,7.6,13,11,5.7,4.2,5.3,8.9,LOW
9.6,60.5,40,4,5.7,5.5,3,8.7,6,0,6.6,4.3,6.2,9.6,MODERATE
9.6,53.0,13,1,9.1,4.0,1,5.7,21,6,4.8,6.2,5.8,4.5,MODERATE
7.7,48.9,2,5,8.1,7.0,2,7.1,29,3,8.9,6.9,4.0,8.9,MODERATE
7.8,50.6,32,1,9.2,10.0,4,6.7,6,4,5.7,5.9,5.9,7.9,MODERATE
9.6,57.8,9,3,3.0,1.2,1,7.2,22,0,1.3,2.6,8.1,4.1,LOW
5.4,30.0,17,5,5.7,9.1,5,5.9,8,7,3.0,4.5,7.8,2.0,MODERATE
5.5,40.6,2,3,8.6,1.0,1,7.3,22,3,5.1,5.2,6.1,7.1,MODERATE
7.2,44.1,5,4,2.0,4.3,0,7.6,29,2,7.3,3.8,4.7,2.2,MODERATE
8.5,46.7,12,5,8.2,2.5,1,7.4,11,0,3.0,3.8,7.6,3.6,MODERATE
9.8,55.4,3,5,2.6,7.8,1,4.4,28,3,9.8,6.4,2.7,5.5,MODERATE
12.7,64.1,84,2,8.3,1.5,3,4.6,5,2,3.9,5.0,7.4,7.1,HIGH
11.1,57.4,0,4,6.5,6.0,1,5.6,25,7,5.8,5.6,5.8,9.3,MODERATE
8.6,54.5,23,4,2.7,3.7,0,6.8,23,8,1.2,2.9,8.5,6.3,MODERATE
9.0,45.0,4,7,5.3,2.2,2,7.2,6,11,9.0,5.9,4.4,7.0,MODERATE
6.5,38.7,12,2,7.1,7.9,1,5.1,21,4,8.1,6.6,3.2,3.8,MODERATE
9.0,52.8,91,1,6.7,3.0,0,6.9,3,8,2.8,5.1,6.7,7.2,MODERATE
8.3,42.3,6,5,4.8,3.0,1,7.7,15,0,9.4,6.6,3.2,4.9,MODERATE
9.8,63.6,118,3,9.1,3.5,3,7.4,6,6,3.8,4.6,7.8,8.7,MODERATE
6.9,37.9,8,3,5.7,6.3,2,5.9,27,10,7.2,5.9,4.1,4.5,MODERATE
10.3,56.1,47,7,5.6,6.9,1,6.0,7,6,8.4,6.4,3.0,5.2,MODERATE
12.8,68.6,27,4,1.6,1.2,1,4.8,7,5,7.7,5.2,3.9,4.9,HIGH
8.7,47.0,75,5,9.3,3.2,0,8.8,27,3,9.3,7.8,3.5,8.3,HIGH
10.0,50.0,28,5,2.6,4.9,1,7.1,27,10,8.8,5.2,3.7,9.6,MODERATE
10.7,64.4,26,2,5.8,4.0,2,4.4,19,8,10.0,7.5,2.7,3.9,HIGH
8.0,54.5,7,4,8.2,9.0,1,8.1,25,2,2.6,4.4,7.8,5.3,MODERATE
9.6,51.4,6,7,2.9,8.1,0,7.4,24,10,3.7,3.7,7.0,7.4,LOW
9.0,54.9,86,3,5.7,6.6,3,8.1,2,10,6.7,5.4,5.1,9.1,MODERATE
9.2,57.1,13,6,3.2,4.0,2,5.8,8,0,7.6,5.5,4.8,5.4,MODERATE
7.1,48.2,16,8,7.8,7.3,1,6.0,18,1,5.8,5.1,5.4,2.0,MODERATE
9.1,51.8,49,6,6.1,8.6,0,5.4,12,2,1.7,3.6,8.0,4.3,MODERATE
10.2,55.5,14,3,8.7,6.4,0,9.3,6,1,8.6,6.7,3.8,6.0,MODERATE
12.6,67.9,106,4,9.1,8.1,0,5.8,19,5,9.6,8.0,3.2,4.8,HIGH
11.4,67.7,46,2,6.8,7.7,1,5.3,20,6,4.6,5.7,5.6,2.7,HIGH
14.4,84.3,31,3,7.5,6.1,0,5.7,28,4,3.0,5.7,5.3,1.3,MODERATE
7.1,38.2,74,5,5.9,3.8,2,6.1,14,4,1.2,2.8,8.9,7.2,MODERATE
11.2,61.6,1,4,4.5,7.7,5,8.5,18,6,3.1,3.6,7.8,9.9,LOW
9.5,61.0,10,2,6.8,2.9,1,6.9,1,5,7.3,5.7,4.7,9.3,MODERATE
14.5,84.6,21,4,9.2,8.0,1,8.1,11,11,9.2,7.5,3.3,7.1,HIGH
7.0,49.8,9,6,4.8,8.2,2,6.9,7,7,1.8,3.1,7.9,8.6,LOW
6.9,45.8,47,6,3.8,8.4,3,6.3,29,8,6.0,5.7,5.5,3.3,MODERATE
7.5,43.4,88,8,4.5,5.3,3,5.1,22,1,7.3,5.8,5.0,6.6,HIGH
4.0,30.0,19,0,4.9,2.7,0,8.6,22,11,3.5,3.0,7.4,1.5,LOW
7.7,48.4,14,5,1.7,1.9,0,7.8,7,1,6.1,3.8,7.1,7.4,MODERATE
7.1,36.7,114,2,5.5,7.7,2,7.9,12,0,7.4,5.4,3.9,9.7,MODERATE
9.4,55.2,20,5,5.4,9.0,2,7.7,0,6,8.5,6.3,3.9,8.7,MODERATE
9.9,60.1,23,1,6.3,6.9,0,5.6,27,10,5.1,5.5,5.2,5.8,MODERATE
13.7,71.0,15,2,4.3,2.3,1,6.8,23,3,7.7,6.6,4.6,8.1,MODERATE
11.4,68.7,84,3,6.5,9.4,2,7.9,9,8,3.7,4.0,6.2,9.5,LOW
7.6,46.8,29,4,8.9,9.9,0,7.7,27,5,2.9,4.5,6.5,2.9,MODERATE
6.8,48.3,50,1,9.6,4.9,3,6.7,29,11,2.7,4.6,7.0,8.1,MODERATE
10.2,51.6,58,3,6.3,6.4,0,9.1,29,6,4.2,3.9,6.9,3.4,MODERATE
5.7,32.5,14,5,1.4,8.0,2,7.2,20,6,1.3,1.9,8.5,8.9,LOW
13.6,77.0,19,3,9.7,7.6,1,8.2,23,7,3.5,5.0,6.5,1.9,MODERATE
11.9,63.9,66,5,7.4,9.7,1,6.8,8,3,6.9,6.0,4.7,2.6,MODERATE
7.8,49.7,15,7,4.0,2.0,2,6.0,28,2,6.8,4.8,5.0,7.5,MODERATE
4.7,34.9,55,3,2.3,6.2,2,7.8,1,2,1.7,1.6,9.4,2.6,LOW
12.4,63.5,99,3,2.3,7.2,3,7.5,18,9,3.6,2.7,7.7,2.4,LOW
8.7,51.2,34,6,2.5,9.0,1,7.0,21,7,6.1,4.7,5.4,6.0,MODERATE
12.1,68.1,47,5,1.4,8.9,2,5.4,24,11,3.9,4.0,7.9,8.5,HIGH
5.0,30.5,57,3,9.1,9.8,1,7.8,13,2,4.8,5.3,6.3,3.4,MODERATE
7.5,51.5,65,3,5.9,5.6,1,5.5,9,7,7.4,5.6,4.1,8.6,MODERATE
9.0,57.4,17,5,7.3,8.5,3,7.5,9,1,1.1,3.3,8.6,8.3,MODERATE
9.1,56.0,1,3,8.5,4.8,0,5.1,7,4,3.5,6.5,6.6,6.2,MODERATE
7.9,50.2,17,1,8.1,4.8,0,5.4,13,4,2.3,5.2,6.9,6.8,MODERATE
10.6,59.9,39,5,8.9,3.3,1,6.9,12,6,2.1,4.7,7.0,1.4,MODERATE
6.3,45.3,20,7,9.7,8.4,0,7.3,5,4,9.6,8.0,2.8,4.3,HIGH
8.6,53.4,48,3,5.0,9.9,3,6.8,20,8,4.4,5.0,6.1,3.4,MODERATE
9.3,57.4,15,1,9.6,3.3,1,5.8,29,2,5.7,5.8,6.1,2.4,MODERATE
10.3,64.4,35,4,7.5,1.5,1,7.9,12,8,7.6,5.7,4.9,4.5,MODERATE
10.8,58.1,7,4,1.6,8.3,2,6.7,2,0,1.4,1.8,8.4,4.2,MODERATE
6.2,43.1,48,8,7.1,6.6,1,6.8,27,2,3.2,4.7,7.2,7.6,MODERATE
5.2,30.0,27,3,7.2,9.6,1,6.3,19,3,8.5,6.8,4.3,6.4,MODERATE
12.2,66.2,7,4,9.2,3.3,0,5.6,28,5,8.8,8.0,2.5,9.2,HIGH
9.8,54.0,12,4,4.4,1.6,1,8.0,12,9,4.4,3.4,6.3,2.3,MODERATE
7.1,50.2,48,8,6.3,5.4,0,5.7,22,7,4.4,5.6,6.1,1.5,MODERATE
12.9,77.3,23,3,1.1,1.8,2,8.7,22,6,7.8,3.8,5.0,5.8,MODERATE
9.3,57.0,8,2,4.0,3.4,1,5.4,18,7,3.7,4.4,6.8,1.0,MODERATE
11.9,70.4,119,3,1.6,2.1,1,6.9,15,5,2.1,2.8,8.0,8.1,LOW
9.2,54.4,43,5,5.7,3.0,1,6.6,3,5,3.3,4.6,6.8,5.6,MODERATE
14.2,85.2,110,5,8.4,2.0,0,6.4,2,5,4.5,5.6,6.3,5.4,MODERATE
13.4,74.4,19,6,2.9,9.6,3,7.4,14,2,1.5,2.7,9.0,4.3,LOW
8.4,47.7,22,5,5.7,3.5,0,7.5,14,9,5.3,5.5,5.5,4.4,MODERATE
11.4,59.4,79,5,2.8,5.0,3,7.2,17,3,7.7,5.0,5.9,4.9,MODERATE
10.6,64.8,26,6,2.1,9.1,1,5.1,21,10,5.6,4.0,7.0,1.1,MODERATE
12.4,73.0,42,0,5.6,7.1,1,5.0,6,5,1.6,4.1,8.6,1.8,HIGH
6.6,38.8,10,3,1.7,6.6,1,4.9,19,6,5.0,4.0,6.6,5.5,MODERATE
10.7,53.9,20,1,6.3,7.4,4,6.2,4,2,7.4,4.8,5.9,2.4,MODERATE
11.6,70.6,4,6,1.3,8.5,0,9.2,7,3,1.5,1.5,8.7,8.0,LOW
4.6,30.0,8,1,2.0,8.9,1,6.4,24,5,1.5,2.3,8.1,3.5,MODERATE
6.0,40.6,0,7,5.9,6.8,5,9.2,22,0,4.3,4.3,6.3,1.9,MODERATE
4.0,34.6,1,3,6.3,9.0,3,6.5,9,10,2.8,3.7,7.0,3.1,MODERATE
8.3,48.1,132,3,1.3,5.8,1,6.7,29,6,9.4,4.4,4.0,4.2,MODERATE
10.8,57.5,9,3,6.2,3.5,5,7.3,0,10,6.2,5.2,5.5,1.3,MODERATE
12.8,74.6,38,3,8.5,8.9,2,6.1,10,0,3.6,5.4,6.7,2.3,MODERATE
9.2,58.3,63,4,7.5,5.9,0,6.8,29,10,7.3,6.2,4.5,3.9,MODERATE
13.1,73.7,27,5,2.2,9.2,1,4.3,2,11,4.4,4.1,6.6,3.8,HIGH
5.5,42.0,5,4,6.3,1.4,1,5.3,26,11,2.2,3.6,8.7,8.2,LOW
4.7,30.0,45,2,7.1,4.6,1,4.3,20,9,3.1,5.0,7.3,8.6,MODERATE
8.9,52.1,32,3,1.3,9.5,2,7.4,2,10,6.8,3.7,6.0,2.7,MODERATE
10.0,60.8,45,4,8.7,3.2,1,4.7,14,10,1.5,5.3,7.8,2.1,MODERATE
8.9,57.4,51,2,9.2,9.5,0,8.3,16,8,3.5,4.9,6.0,6.7,MODERATE
4.0,30.0,129,3,8.7,9.6,3,7.0,17,9,2.9,4.5,6.3,8.2,LOW
8.8,56.0,29,0,8.4,8.9,0,7.7,7,8,2.8,5.2,8.1,9.7,MODERATE
5.7,36.8,14,8,7.7,6.1,5,5.7,22,10,7.1,6.3,4.3,1.1,MODERATE
10.7,59.4,36,4,6.7,6.8,4,5.0,12,8,8.4,7.1,3.4,4.7,MODERATE
9.9,51.5,2,3,7.1,8.8,3,6.0,9,3,7.4,6.2,4.6,7.6,MODERATE
6.7,46.5,79,8,8.3,8.0,2,7.9,2,1,6.8,6.7,4.9,8.5,HIGH
7.7,40.9,4,5,7.0,6.7,0,9.2,19,6,9.2,6.1,3.9,1.6,MODERATE
6.4,36.6,13,3,3.9,9.8,1,7.2,13,3,1.5,2.7,9.3,7.1,LOW
8.8,48.4,59,5,4.4,7.2,0,4.8,12,4,2.5,3.8,8.4,3.6,MODERATE
11.4,70.1,31,1,9.1,9.8,0,5.2,2,0,4.7,6.1,5.4,1.7,HIGH
6.5,42.6,17,4,1.2,1.5,1,4.6,12,10,4.4,4.3,7.0,5.4,MODERATE
10.3,63.5,22,3,7.3,2.3,0,6.3,19,11,4.8,5.6,5.7,2.4,MODERATE
7.7,42.3,67,1,9.6,5.1,4,6.1,23,9,2.9,5.2,6.9,7.6,MODERATE
7.0,44.4,14,3,7.4,4.5,3,6.3,24,5,2.3,5.1,6.8,7.7,MODERATE
8.7,52.1,71,4,9.9,8.0,1,5.1,22,11,5.6,7.1,4.2,8.6,MODERATE
6.4,44.5,3,1,7.2,2.4,1,5.0,8,6,9.4,7.2,3.1,4.4,MODERATE
7.6,51.6,52,6,1.3,9.8,1,6.6,29,2,4.5,2.5,6.5,1.1,MODERATE
6.0,30.2,65,2,8.4,3.8,3,7.1,24,9,1.4,3.7,8.7,3.3,MODERATE
13.9,79.6,7,4,3.6,4.9,2,5.0,15,1,7.4,5.7,4.4,5.2,HIGH
9.1,46.3,19,4,5.0,3.5,0,7.1,22,11,3.6,4.1,7.1,7.2,LOW
7.3,44.7,6,6,3.8,6.2,1,7.7,22,11,3.2,3.8,7.9,4.4,LOW
9.5,51.8,42,3,3.4,1.5,1,3.5,7,9,3.9,4.0,6.1,5.8,MODERATE
8.7,48.1,26,3,4.9,2.3,4,8.5,11,6,7.5,4.7,4.5,5.7,MODERATE
8.4,47.3,35,2,4.4,7.7,0,7.4,25,0,8.4,4.9,4.4,2.5,MODERATE
10.5,61.8,7,7,6.7,2.7,0,7.7,27,1,6.3,4.6,5.6,6.6,MODERATE
10.9,59.5,8,2,8.3,3.1,3,5.2,11,2,3.9,5.2,7.0,5.0,MODERATE
7.7,49.5,1,4,3.7,8.1,3,7.5,18,3,3.8,3.6,7.5,8.3,LOW
7.6,44.1,13,5,2.9,1.8,3,7.7,23,4,2.1,2.8,8.2,7.2,LOW
8.3,42.5,28,2,7.0,4.9,1,5.7,16,3,9.4,6.7,3.4,2.0,MODERATE
4.0,31.8,68,5,7.0,1.2,2,7.5,28,9,6.7,5.1,5.3,5.4,MODERATE
5.2,30.3,38,5,9.1,4.1,1,6.3,14,2,1.2,3.4,7.6,7.3,MODERATE
12.4,68.5,20,3,1.1,7.3,0,5.7,21,0,7.0,4.5,5.1,1.8,MODERATE
13.1,75.8,107,4,8.7,1.8,1,6.2,17,6,5.0,5.4,6.0,8.1,MODERATE
8.4,47.0,44,4,5.7,9.0,0,6.7,6,11,9.8,7.5,3.1,3.0,HIGH
10.4,52.8,93,2,6.6,9.2,1,6.1,12,9,8.4,6.7,3.3,5.5,MODERATE
9.8,54.6,26,3,1.8,1.9,3,5.5,18,5,2.5,2.8,7.3,9.5,LOW
16.0,94.2,10,3,4.9,9.9,1,7.0,15,1,7.5,5.0,4.6,6.1,MODERATE
11.8,68.6,1,3,3.0,3.7,3,7.2,10,1,5.4,3.2,7.3,4.8,MODERATE
8.7,53.6,45,6,3.3,1.8,0,6.7,25,2,2.7,2.4,7.5,1.1,MODERATE
6.6,42.5,4,1,5.5,1.0,1,4.4,4,7,7.3,5.9,5.2,2.2,MODERATE
5.0,30.0,12,2,8.3,4.7,1,5.7,25,7,5.9,5.8,6.1,6.2,MODERATE
9.5,53.8,26,3,7.7,6.7,2,5.4,1,9,1.3,3.7,8.3,5.4,MODERATE
7.1,46.8,29,1,6.3,4.0,1,8.8,0,9,6.8,5.2,4.7,4.3,MODERATE
5.4,30.0,32,6,5.9,8.5,3,6.7,15,9,6.7,5.7,5.2,9.3,MODERATE
7.4,41.2,6,4,4.8,7.4,0,6.1,4,11,2.3,3.3,8.0,4.0,MODERATE
6.3,35.6,16,3,9.8,4.2,3,5.8,24,9,4.1,6.8,5.5,5.8,MODERATE
13.2,72.5,33,9,6.0,7.6,0,6.3,30,10,6.3,4.6,5.1,6.1,MODERATE
11.2,70.7,122,5,3.3,9.5,3,7.5,24,11,2.2,2.6,8.3,5.7,LOW
9.0,46.0,45,6,3.1,1.8,1,4.1,6,7,8.7,6.1,4.3,5.3,MODERATE
12.7,71.3,89,5,6.5,3.8,2,6.8,29,6,1.2,3.1,8.3,4.0,MODERATE
9.2,48.7,50,3,5.7,5.2,2,5.8,8,1,1.9,3.4,8.0,9.2,MODERATE
6.8,48.6,31,4,1.1,5.5,0,7.1,3,0,2.0,2.0,8.7,5.1,LOW
12.8,65.7,7,5,8.5,5.9,3,7.5,18,5,5.8,5.5,5.4,5.8,MODERATE
10.3,57.6,38,7,7.3,3.7,0,5.6,26,10,6.6,6.0,4.8,6.9,MODERATE
6.4,43.1,34,1,7.0,7.0,0,4.7,19,7,4.6,4.9,5.9,1.6,MODERATE
8.5,53.1,32,6,1.6,6.8,2,6.1,14,0,3.6,2.3,7.1,8.0,MODERATE
6.8,40.3,23,3,4.3,6.2,0,8.2,6,2,8.3,5.0,5.7,5.6,MODERATE
5.5,32.7,26,5,9.4,2.0,0,7.6,23,0,1.6,4.0,7.9,6.9,MODERATE
11.3,62.5,14,3,8.8,5.3,1,6.0,17,9,3.5,5.1,7.4,7.9,MODERATE
13.8,73.0,25,5,3.6,4.2,2,5.7,4,8,1.4,2.9,9.3,8.9,LOW
5.5,30.6,7,4,2.4,5.4,0,5.8,20,6,1.1,2.2,8.7,4.5,MODERATE
10.4,59.2,57,6,5.0,9.3,1,4.8,28,7,4.2,4.6,6.7,8.3,MODERATE
7.4,41.0,7,4,4.2,5.3,2,7.5,24,8,2.8,2.7,7.8,3.3,LOW
7.8,43.3,3,6,7.1,1.1,3,7.8,28,2,3.4,4.9,6.0,6.9,MODERATE
7.5,47.4,20,5,9.7,4.9,3,6.0,28,9,8.4,7.1,2.9,1.9,MODERATE
6.8,48.5,37,2,4.3,8.4,2,5.8,30,10,2.5,3.4,7.8,1.2,MODERATE
9.1,54.6,20,1,1.6,8.0,2,5.6,12,1,8.0,4.6,4.4,1.9,MODERATE
6.9,35.7,11,1,9.1,5.6,1,5.9,2,5,7.1,6.4,5.5,3.9,MODERATE
9.7,49.6,28,3,1.3,3.2,0,5.5,27,4,3.9,3.3,6.9,1.3,MODERATE
8.9,58.8,14,5,9.6,5.2,2,6.3,5,3,5.9,6.3,6.1,6.7,MODERATE
8.4,46.5,94,3,7.0,6.1,5,7.5,30,5,5.0,4.6,5.9,3.8,MODERATE
6.7,34.9,89,5,9.5,10.0,2,7.4,25,5,2.2,4.4,8.5,7.6,LOW
7.6,47.0,24,4,2.8,6.8,0,5.4,11,11,9.2,5.5,4.0,1.4,MODERATE
10.9,63.9,13,3,1.4,7.2,1,6.7,20,2,6.1,4.1,6.0,3.0,MODERATE
10.3,61.2,46,6,5.4,5.4,1,7.3,17,1,8.9,7.0,3.2,4.7,MODERATE
6.6,37.0,1,5,5.1,4.2,2,5.3,17,8,8.4,5.9,4.3,4.4,MODERATE
9.2,46.2,22,6,4.0,8.3,2,6.7,3,7,1.7,3.1,9.1,2.2,MODERATE
10.9,69.0,14,2,9.6,5.5,1,8.1,27,3,2.9,4.6,7.1,9.9,MODERATE
4.8,30.0,88,5,8.4,10.0,0,6.2,19,5,2.3,4.9,7.2,3.6,MODERATE
10.4,62.1,0,6,7.0,5.1,3,3.9,30,2,8.5,7.7,3.3,7.5,HIGH
7.3,47.1,28,3,2.5,1.6,2,3.2,22,10,8.8,6.4,4.5,3.0,MODERATE
10.4,61.2,47,5,7.6,7.1,0,6.9,13,7,5.8,5.5,5.9,8.9,MODERATE
7.1,40.2,23,5,7.5,1.4,1,6.6,27,2,1.9,3.8,8.6,4.5,MODERATE
4.5,30.0,3,6,4.8,3.3,3,6.7,13,1,2.2,2.9,8.2,9.1,MODERATE
4.9,33.5,125,3,9.3,4.2,3,7.1,0,6,8.3,6.9,3.8,4.1,MODERATE
9.1,58.5,25,6,2.5,7.7,1,4.6,10,2,9.4,5.5,3.9,1.1,MODERATE
9.6,62.2,33,11,3.4,5.4,0,5.5,21,8,2.8,3.2,8.2,5.7,MODERATE
6.7,35.1,9,5,1.6,1.3,0,7.0,26,2,1.1,2.4,8.6,5.7,LOW
10.6,55.3,23,6,8.2,6.6,0,7.5,28,7,4.0,4.9,7.2,2.1,MODERATE
4.8,38.2,19,5,6.6,4.7,1,6.2,8,1,1.3,4.1,8.3,3.1,MODERATE
8.8,55.0,2,5,3.8,9.3,1,4.6,17,8,8.5,6.9,2.5,8.1,MODERATE
6.0,43.2,3,2,2.5,5.5,1,6.9,27,0,5.4,3.8,6.6,1.3,MODERATE
7.4,40.0,63,10,1.4,7.4,2,6.6,4,11,6.8,4.3,4.7,5.4,MODERATE
9.1,54.3,9,2,2.5,3.0,0,5.1,9,2,4.7,3.9,6.9,5.8,MODERATE
6.8,44.5,7,2,5.1,7.8,0,3.9,14,10,4.1,4.6,7.0,7.2,MODERATE
8.0,50.2,24,2,3.2,7.5,1,7.2,26,1,3.0,2.5,7.9,1.3,LOW
11.5,63.6,51,3,3.3,9.1,0,5.7,9,11,7.9,5.9,4.6,6.3,MODERATE
7.6,38.2,2,3,8.9,1.3,0,6.7,15,6,7.3,6.7,4.9,1.0,MODERATE
11.1,64.2,30,3,5.6,5.0,1,6.7,3,4,4.2,5.3,6.1,3.4,MODERATE
6.2,34.8,4,3,7.6,7.1,2,5.0,3,7,3.9,5.8,6.7,5.5,MODERATE
10.3,58.3,1,7,1.3,1.9,2,7.0,7,1,1.0,1.3,9.7,9.2,LOW
12.6,77.4,1,5,4.3,4.7,2,5.4,29,7,1.6,3.7,9.0,2.1,HIGH
4.0,30.0,62,6,5.3,9.5,2,4.6,5,6,6.6,5.7,4.4,2.5,MODERATE
7.0,47.6,4,1,2.7,4.9,2,4.4,22,11,5.6,5.3,5.8,7.0,MODERATE
10.4,54.8,1,4,2.1,9.9,0,6.5,10,10,4.9,3.4,6.0,4.4,MODERATE
8.5,52.6,20,3,8.8,1.5,5,8.6,27,4,8.4,5.9,3.5,6.6,MODERATE
9.9,64.2,65,7,9.5,7.5,0,6.6,24,1,5.5,5.7,5.7,10.0,HIGH
7.5,39.0,10,4,1.7,6.2,0,8.8,12,9,4.5,2.3,7.1,9.9,LOW
9.2,46.1,19,3,4.1,5.5,0,8.4,18,10,2.5,2.3,8.6,4.2,LOW
8.6,49.5,1,7,9.6,9.7,4,7.2,10,6,8.4,6.8,3.6,5.5,MODERATE
11.9,60.9,20,1,1.7,2.2,5,8.5,1,9,6.2,3.9,5.7,9.1,LOW
9.6,59.2,30,4,6.8,9.1,2,8.4,2,3,1.8,4.1,8.0,1.8,MODERATE
9.8,62.7,29,3,9.7,7.2,1,8.0,14,3,6.8,5.6,4.5,5.1,MODERATE
8.0,46.5,14,5,9.8,3.3,1,4.1,23,7,4.8,7.3,5.0,4.4,MODERATE
7.8,42.9,13,2,5.2,9.1,4,6.2,12,5,8.3,5.8,4.7,3.7,MODERATE
7.9,46.0,3,4,2.5,4.9,2,5.6,24,8,9.3,6.0,3.3,9.9,MODERATE
10.0,60.9,15,4,2.8,8.3,3,8.0,9,10,6.4,3.2,6.4,7.6,LOW
7.9,39.6,3,4,9.0,4.5,1,6.1,4,1,7.6,7.2,4.3,4.5,MODERATE
9.7,57.3,50,6,9.2,8.7,1,8.8,23,4,1.5,2.7,7.7,8.5,MODERATE
14.2,80.2,118,8,6.5,6.7,3,6.6,29,5,6.0,5.5,5.6,5.4,MODERATE
11.2,65.6,122,5,7.9,2.3,0,6.5,10,7,7.8,6.7,4.4,8.9,MODERATE
8.2,44.6,70,3,7.7,6.8,3,6.0,22,3,5.5,5.8,5.7,3.4,MODERATE
12.0,70.7,32,4,7.0,2.7,1,6.3,27,10,6.3,5.4,5.2,3.0,MODERATE
8.0,41.4,42,4,8.4,4.7,3,6.8,13,6,9.1,7.4,2.8,3.2,MODERATE
4.0,30.0,11,4,7.2,2.5,1,6.4,27,10,2.8,4.6,7.9,5.8,MODERATE
6.5,45.7,34,7,5.8,1.2,2,5.9,28,6,1.9,3.6,7.9,3.6,MODERATE
4.3,32.6,21,5,3.1,2.9,1,6.0,24,3,7.2,5.3,4.4,2.3,MODERATE
8.1,40.7,23,5,7.7,5.8,1,8.9,19,0,8.4,6.0,4.2,10.0,MODERATE
9.0,48.7,49,6,5.3,5.3,1,9.1,14,2,8.7,5.6,3.6,9.1,MODERATE
13.2,69.2,11,2,3.7,5.5,4,5.9,12,1,6.8,5.0,4.6,6.7,MODERATE
9.8,53.1,13,7,8.2,3.2,2,7.6,25,11,8.5,6.7,3.6,9.0,MODERATE
8.5,46.2,90,3,7.3,7.2,0,5.4,2,2,7.3,6.8,4.0,9.4,MODERATE
11.1,56.4,2,5,9.4,7.3,3,6.1,8,4,1.8,4.5,7.3,7.1,MODERATE
4.0,30.0,23,2,2.5,4.2,0,5.1,7,10,7.9,4.8,5.0,5.7,MODERATE
9.6,59.0,85,4,6.8,8.9,1,7.8,14,11,2.6,3.9,7.5,8.9,LOW
10.9,63.6,32,6,3.2,6.8,0,7.1,22,0,3.1,3.7,8.0,6.1,LOW
5.3,36.6,27,6,9.1,7.4,3,7.4,0,4,4.6,5.5,5.6,2.1,MODERATE
11.9,60.7,10,0,1.9,3.5,0,7.7,1,1,3.8,2.9,6.4,4.3,LOW
9.8,63.3,14,0,6.9,1.0,0,5.4,8,3,3.9,5.0,6.6,5.0,MODERATE
8.0,52.6,66,2,8.1,8.8,3,6.1,20,5,2.5,5.0,8.2,9.4,MODERATE
10.6,65.1,28,4,4.2,8.4,2,7.1,16,8,3.6,3.5,7.4,6.9,LOW
14.7,85.8,25,3,9.6,2.1,0,6.1,8,9,1.2,4.3,9.7,8.9,LOW
9.5,61.5,3,4,8.7,4.4,2,6.6,0,5,5.3,6.3,5.6,7.8,MODERATE
9.6,56.2,0,3,3.7,7.0,3,5.5,7,9,7.9,5.4,4.5,3.8,MODERATE
7.9,42.5,116,8,1.1,6.9,0,8.2,4,10,8.8,4.8,3.1,7.5,MODERATE
6.9,43.8,16,6,3.7,8.7,2,7.7,29,11,8.4,5.7,4.3,2.8,MODERATE
11.1,66.6,32,3,3.5,2.3,1,8.1,10,1,4.7,3.8,6.6,4.7,MODERATE
6.9,45.6,2,0,9.0,4.9,2,7.4,27,7,7.6,5.9,4.2,8.3,MODERATE
9.2,53.8,40,2,9.7,1.9,1,5.1,5,4,3.6,5.8,6.4,6.5,MODERATE
7.8,40.0,94,3,1.6,4.5,2,5.9,16,8,1.5,2.2,8.6,8.4,LOW
10.2,56.6,30,6,5.2,1.1,0,5.6,17,9,7.1,5.5,4.7,3.3,MODERATE
9.8,62.8,4,3,5.9,9.1,2,6.2,22,8,6.8,5.7,5.9,7.7,MODERATE
11.6,66.8,30,4,1.8,5.7,0,7.9,17,3,8.2,4.8,4.3,2.8,MODERATE
7.7,46.6,50,9,4.4,8.6,1,4.6,4,0,6.5,5.3,5.2,5.9,MODERATE
8.3,45.5,18,7,3.9,1.5,0,5.7,26,10,2.4,3.3,7.6,4.9,MODERATE
6.6,38.5,74,3,5.8,3.0,2,6.0,24,8,8.7,6.3,4.2,6.0,MODERATE
7.9,52.9,36,2,7.0,3.3,1,4.8,4,8,6.6,6.9,4.7,2.2,MODERATE
9.9,59.5,80,2,7.3,4.5,1,6.8,27,7,8.3,6.3,3.8,4.3,MODERATE
10.9,66.3,34,2,2.2,8.2,1,6.1,18,4,8.0,4.4,3.7,7.0,MODERATE
6.7,40.3,4,4,8.3,4.5,2,7.9,26,4,3.7,3.8,7.1,6.0,MODERATE
11.2,65.5,12,6,7.1,2.8,1,6.1,12,9,1.7,4.2,7.7,5.9,MODERATE
12.4,65.7,7,3,9.0,1.6,2,7.1,21,5,2.6,4.2,7.4,5.6,MODERATE
10.0,60.6,83,3,5.0,1.7,0,6.6,6,0,1.8,3.6,7.4,9.5,MODERATE
13.7,74.9,50,5,9.0,7.8,0,3.3,25,8,3.2,5.3,7.5,9.4,HIGH
7.1,42.1,39,5,8.8,5.0,1,4.6,13,4,5.1,6.0,6.1,4.2,MODERATE
5.9,39.2,12,5,4.9,7.5,3,7.0,26,6,9.2,5.4,4.5,4.2,MODERATE
4.6,37.0,7,7,4.4,7.1,0,6.9,25,10,8.8,6.0,4.4,6.0,MODERATE
12.7,64.5,49,3,9.4,2.2,0,6.4,26,7,7.5,7.2,4.4,1.9,MODERATE
10.6,65.4,22,2,7.4,2.3,0,8.2,7,4,1.2,3.4,7.8,3.7,MODERATE
8.9,48.9,8,1,9.4,7.8,1,7.2,30,2,4.1,4.8,7.4,3.1,MODERATE
9.7,55.2,33,6,8.2,7.5,1,8.5,2,5,7.1,5.4,4.4,3.0,MODERATE
6.2,31.3,1,4,6.5,4.4,2,3.3,26,6,2.2,5.0,7.3,6.7,MODERATE
15.1,80.0,13,4,2.0,1.7,0,8.8,3,3,8.2,3.4,5.2,4.5,MODERATE
9.3,54.0,22,6,3.6,1.1,0,5.7,9,8,9.2,5.9,4.0,2.5,MODERATE
9.3,47.3,5,1,9.7,3.6,1,6.5,3,10,4.2,6.4,6.3,9.0,MODERATE
10.8,61.4,146,4,3.9,1.1,1,8.0,17,3,7.4,4.6,4.7,8.9,MODERATE
10.2,64.9,8,3,1.8,3.1,2,3.8,30,10,2.3,2.6,7.8,8.8,LOW
9.6,49.6,4,4,7.4,4.8,0,6.2,22,9,7.2,5.9,5.9,4.5,MODERATE
7.0,46.5,7,4,7.6,2.1,3,7.8,11,1,1.2,3.1,8.5,1.5,MODERATE
10.2,57.1,51,4,3.6,1.9,1,5.7,19,8,2.4,4.4,7.4,2.0,MODERATE
13.7,78.3,19,2,3.7,9.1,2,7.7,19,3,7.4,5.6,4.3,3.5,MODERATE
12.4,65.9,29,2,5.2,6.3,1,7.4,14,3,7.4,5.7,4.7,3.0,MODERATE
13.0,67.4,0,7,1.2,9.4,0,6.7,30,9,6.8,3.9,5.5,8.9,LOW
7.7,40.9,1,7,8.1,4.1,2,7.3,12,0,5.3,6.0,5.5,9.9,MODERATE
6.5,33.6,20,2,3.9,7.1,2,8.2,11,1,7.1,4.0,5.4,8.4,MODERATE
8.7,46.3,59,5,8.7,2.8,1,7.3,7,11,8.0,7.2,4.7,7.6,MODERATE
9.1,55.5,75,3,8.2,6.6,1,7.7,21,2,9.7,7.5,2.6,6.3,HIGH
11.7,71.7,3,4,7.0,2.2,0,5.4,21,6,9.0,7.0,3.4,7.9,HIGH
4.8,36.2,27,1,3.9,1.0,2,7.3,26,11,8.2,5.8,3.8,9.5,MODERATE
12.8,74.3,85,3,5.6,9.4,1,7.1,8,8,7.3,5.2,4.9,6.4,MODERATE
8.6,44.7,17,5,5.0,6.0,2,8.0,19,11,6.2,3.9,5.4,2.4,MODERATE
7.9,43.8,61,2,4.0,9.3,0,5.0,8,4,2.1,4.0,7.5,2.5,MODERATE
6.5,37.1,5,4,8.6,4.0,0,7.9,16,3,2.5,4.2,6.8,6.3,MODERATE
4.9,30.0,95,5,5.4,4.0,0,5.4,26,1,8.4,6.7,3.8,4.0,MODERATE
11.1,63.2,48,2,8.5,4.6,0,9.5,24,11,8.2,6.9,4.0,9.2,MODERATE
9.2,54.0,99,5,1.9,7.4,1,5.3,30,6,6.5,4.2,6.4,6.5,LOW
5.8,34.4,39,4,2.3,6.1,0,5.0,0,5,4.9,4.1,6.6,7.1,LOW
5.8,34.3,15,3,9.8,9.3,2,6.1,30,11,1.2,5.4,7.6,1.1,MODERATE
8.2,53.4,97,4,6.3,1.2,0,7.9,22,11,3.9,4.4,6.1,5.5,MODERATE
13.2,77.8,11,5,5.6,7.4,2,7.0,5,6,4.8,4.2,5.7,4.9,MODERATE
8.4,46.6,14,5,5.7,4.0,1,8.7,6,7,5.4,3.8,5.5,7.4,LOW
5.2,39.7,42,6,2.9,2.6,5,6.1,8,8,9.4,5.5,4.6,4.4,MODERATE
8.4,56.3,50,0,7.5,5.6,5,5.9,9,9,2.0,3.9,8.0,9.8,LOW
8.3,46.4,92,3,1.8,5.5,3,5.5,3,4,5.7,4.3,5.6,7.0,MODERATE
4.0,30.0,8,4,6.2,2.2,2,5.8,15,10,4.3,4.9,5.9,6.9,MODERATE
8.9,52.1,55,2,6.1,2.8,1,4.7,11,4,9.9,7.5,2.4,9.3,HIGH
8.4,56.1,46,6,9.2,4.7,2,5.7,8,3,8.8,7.1,3.2,10.0,MODERATE
10.7,66.6,2,3,5.7,4.7,4,4.9,2,10,4.9,5.2,6.6,2.8,MODERATE
13.6,69.5,17,5,2.2,3.9,0,7.4,25,2,10.0,4.4,3.7,8.3,MODERATE
11.8,64.9,11,1,6.2,2.3,1,8.4,26,6,5.6,4.7,5.1,2.5,MODERATE
8.3,49.8,12,2,1.8,1.0,0,6.8,26,4,2.5,3.1,9.0,5.1,MODERATE
6.2,38.5,142,3,2.8,9.7,1,5.6,8,6,6.0,3.8,5.3,1.9,MODERATE
15.4,79.9,36,3,1.3,9.5,1,7.5,28,1,3.0,2.6,7.4,6.6,LOW
9.1,58.4,44,3,5.6,5.4,1,6.4,16,8,6.7,5.1,5.8,5.2,MODERATE
9.0,55.2,131,3,1.8,10.0,1,7.8,13,8,9.4,5.4,3.9,6.7,MODERATE
8.9,57.1,16,4,5.2,7.1,4,5.3,4,8,8.1,6.3,3.8,7.1,MODERATE
9.5,60.4,56,7,9.4,1.6,1,5.4,30,4,3.5,5.8,5.9,6.6,MODERATE
8.6,54.2,19,4,7.5,2.1,2,7.4,25,9,3.7,4.5,6.3,3.6,MODERATE
7.6,44.6,71,6,1.7,9.2,1,6.5,20,11,1.6,2.9,7.9,8.5,LOW
7.6,47.2,6,5,3.0,6.7,1,7.7,0,8,3.6,3.2,7.2,6.0,LOW
8.9,46.9,103,1,7.1,8.6,1,5.4,0,0,1.8,3.9,8.0,5.4,MODERATE
7.6,48.1,8,2,9.1,9.1,0,7.1,2,1,5.5,5.8,5.4,9.9,MODERATE
7.2,38.7,13,6,1.3,5.0,1,7.2,8,9,7.4,4.0,5.1,3.6,MODERATE
9.3,56.9,49,3,8.3,1.4,1,4.5,22,4,7.8,7.3,3.4,5.8,MODERATE
8.4,45.4,17,6,6.1,2.7,1,6.5,5,4,1.5,3.3,8.4,7.1,MODERATE
12.8,65.8,32,7,5.9,1.6,1,3.9,8,5,4.1,4.9,7.1,2.1,HIGH
4.0,30.0,20,5,9.6,2.7,1,8.4,3,7,3.6,4.9,6.6,4.2,MODERATE
11.7,58.5,47,7,7.7,4.7,1,4.8,19,11,1.9,4.7,7.5,8.2,HIGH
12.1,71.3,9,2,8.7,2.1,1,6.3,18,0,4.3,6.0,6.1,3.1,MODERATE
4.0,31.0,2,8,4.2,2.5,0,6.5,4,9,3.7,3.6,7.6,5.4,MODERATE
8.1,48.2,12,7,6.0,5.0,0,5.2,4,11,6.7,4.9,4.7,6.7,MODERATE
8.1,42.9,22,4,6.5,4.1,0,8.9,27,8,8.9,5.7,4.6,7.0,MODERATE
5.5,30.0,6,5,3.9,5.2,0,5.6,13,3,5.1,3.7,6.6,7.6,MODERATE
7.1,35.8,15,1,6.1,4.9,0,6.1,9,7,7.7,6.3,4.3,8.8,MODERATE
6.2,33.5,17,3,3.1,6.8,0,5.6,22,11,2.3,2.3,8.8,4.5,MODERATE
13.4,80.4,2,3,2.3,9.4,0,5.6,15,11,9.1,5.2,3.3,7.4,MODERATE
11.3,60.1,30,2,4.4,2.0,2,6.4,22,4,2.4,3.2,8.1,7.6,MODERATE
12.2,66.3,75,5,7.7,1.9,0,7.4,30,0,2.7,4.9,7.4,3.7,MODERATE
10.8,55.6,5,5,9.2,8.7,1,6.7,5,8,2.0,4.0,7.3,9.7,LOW
6.2,34.3,31,2,5.1,5.6,3,5.5,19,7,3.8,4.4,7.0,8.8,LOW
7.7,46.3,38,6,6.8,7.9,2,6.5,22,4,6.0,5.8,5.4,3.6,MODERATE
10.2,60.1,19,1,1.9,2.9,1,4.7,13,10,9.9,6.9,2.9,7.1,MODERATE
5.9,33.2,42,4,9.1,8.5,3,8.0,17,3,8.1,7.0,4.3,7.5,MODERATE
10.8,54.9,18,1,6.1,9.3,1,5.8,28,7,4.4,5.4,5.9,4.9,MODERATE
8.4,47.9,24,1,8.0,6.7,0,5.9,27,8,6.2,6.5,5.1,8.8,MODERATE
8.1,44.0,0,3,8.1,2.0,5,4.0,8,6,6.6,6.3,4.7,7.2,MODERATE
10.8,57.3,41,3,3.3,9.1,3,5.8,6,3,8.4,5.8,3.8,6.9,MODERATE
10.1,64.9,37,1,5.8,8.1,1,8.7,17,6,7.6,5.6,4.8,3.0,MODERATE
8.1,49.7,1,5,9.6,7.8,2,7.3,9,5,6.1,5.7,5.1,4.7,MODERATE
11.9,67.9,16,6,1.8,1.3,2,7.9,1,10,7.0,3.7,4.7,4.9,MODERATE
6.3,37.7,135,0,7.1,8.2,0,6.7,12,11,7.7,5.8,3.5,7.6,MODERATE
10.5,58.9,19,2,9.7,2.2,0,3.1,5,2,2.2,6.2,7.4,6.6,MODERATE
10.5,60.6,24,5,3.7,3.0,1,6.6,26,9,2.8,3.2,7.0,1.8,MODERATE
8.2,51.4,84,3,8.8,6.2,3,6.8,22,2,7.2,6.3,4.6,3.8,MODERATE
9.8,59.5,44,5,9.4,3.4,0,7.7,8,0,8.7,6.3,3.8,5.3,MODERATE
5.9,32.1,30,2,7.7,7.0,2,6.5,30,4,4.7,5.2,5.9,7.6,MODERATE
11.3,64.0,55,6,3.1,6.5,0,5.5,19,7,9.8,5.9,4.3,7.7,HIGH
8.5,48.7,69,4,4.0,2.0,1,6.4,7,11,2.9,3.6,7.6,5.4,MODERATE
7.7,51.6,21,2,1.3,6.9,1,6.1,29,5,4.8,2.9,7.1,2.1,MODERATE
11.6,67.5,22,4,8.5,9.3,2,7.2,9,7,4.4,5.2,6.4,3.6,MODERATE
7.2,44.0,17,6,8.6,2.4,0,6.4,15,6,9.4,7.2,3.0,3.3,MODERATE
5.5,30.0,119,5,6.7,6.4,1,5.2,14,1,3.6,4.3,6.9,8.0,MODERATE
5.1,34.6,41,5,4.2,4.1,1,7.2,12,7,5.2,3.5,7.1,2.6,MODERATE
10.5,54.3,3,6,1.7,5.1,0,5.5,17,3,2.7,2.4,8.5,5.2,MODERATE
5.8,34.1,69,4,7.8,3.6,0,6.1,5,10,5.7,5.7,6.4,7.0,MODERATE
13.4,69.1,22,8,7.5,4.2,2,5.9,19,4,8.7,7.0,3.7,9.7,MODERATE
4.0,30.4,2,0,9.2,1.3,1,6.8,23,10,3.7,5.3,6.1,10.0,MODERATE
13.2,69.1,27,2,7.6,9.8,0,4.7,8,7,8.3,7.3,3.4,9.6,HIGH
9.5,53.4,18,1,8.5,6.6,1,6.5,17,4,9.2,6.9,2.7,7.5,MODERATE
8.8,57.4,73,1,7.7,5.5,3,7.9,6,4,1.7,4.1,8.3,7.7,MODERATE
7.6,41.1,7,6,6.7,4.5,0,6.6,22,5,7.8,5.9,4.0,7.8,MODERATE
10.0,57.6,61,8,4.8,5.9,1,5.6,23,6,3.3,4.3,5.5,8.8,LOW
8.9,50.8,28,3,9.1,4.4,0,6.0,28,8,2.6,4.9,8.5,9.6,MODERATE
11.8,59.3,1,3,6.9,4.2,0,6.9,4,10,6.4,5.7,4.8,5.0,MODERATE
9.3,58.4,124,8,4.6,5.2,0,7.2,10,6,7.4,5.1,4.5,4.7,MODERATE
9.4,48.0,25,4,1.8,3.5,1,8.5,12,5,4.6,3.0,7.6,5.1,MODERATE
8.1,47.6,12,3,3.6,2.6,2,4.4,2,11,1.4,3.3,7.7,6.9,LOW
8.9,52.9,22,9,5.9,6.0,0,6.8,0,9,9.2,6.8,3.9,8.0,MODERATE
9.8,58.4,68,2,3.5,8.6,1,6.7,3,3,7.6,4.7,4.5,8.8,MODERATE
4.7,33.8,12,5,3.0,2.4,1,6.4,18,10,3.4,2.5,6.9,5.1,MODERATE
5.6,31.8,7,5,5.7,1.3,0,7.0,17,9,5.5,4.3,6.8,4.3,MODERATE
10.9,54.6,4,4,2.5,3.2,1,6.2,5,11,1.3,2.9,8.9,9.9,LOW
9.4,57.9,12,3,8.2,9.8,2,5.2,22,1,4.1,5.5,6.8,3.1,MODERATE
8.5,50.5,53,6,5.4,8.5,2,6.8,9,10,5.7,4.9,5.9,3.0,MODERATE
9.0,57.5,22,3,6.2,6.4,2,7.3,6,10,5.7,4.4,6.1,7.4,LOW
9.9,61.8,9,2,2.3,9.4,1,6.4,11,8,2.9,3.0,7.0,2.6,MODERATE
7.7,51.1,6,1,3.9,5.0,2,7.9,7,9,8.0,4.5,4.7,4.6,MODERATE
7.1,42.8,14,2,4.7,9.8,0,6.2,12,10,3.7,3.6,6.6,3.6,MODERATE
9.5,52.5,98,1,8.3,3.7,2,7.1,29,4,6.2,5.6,4.5,2.5,MODERATE
6.6,44.9,14,3,7.9,3.2,3,4.4,17,4,3.4,5.6,6.8,6.2,MODERATE
10.0,56.8,155,8,3.0,6.7,0,9.4,13,10,4.8,3.3,7.2,4.4,MODERATE
4.7,30.0,23,1,6.5,4.4,1,6.2,10,11,2.9,4.5,7.0,5.2,MODERATE
11.6,70.8,6,4,3.2,6.6,1,5.9,27,2,6.7,4.1,5.3,2.8,MODERATE
10.2,64.2,77,8,9.9,3.7,2,6.2,9,2,4.8,6.0,5.2,7.9,HIGH
9.6,55.0,21,3,9.6,6.6,0,5.3,28,0,1.1,4.6,8.1,3.8,MODERATE
11.5,58.6,43,3,6.1,3.5,4,5.0,5,11,1.3,3.1,8.8,4.1,HIGH
13.2,71.8,144,7,7.3,1.5,1,6.6,12,10,5.2,5.3,6.2,3.3,MODERATE
11.5,69.6,1,4,8.2,9.2,0,6.6,21,4,2.6,4.4,7.7,4.9,MODERATE
4.4,35.5,3,2,7.5,8.9,0,6.8,9,2,6.3,6.0,4.7,5.2,MODERATE
5.8,32.1,44,1,7.3,9.7,2,6.5,11,10,4.7,5.2,5.8,5.8,MODERATE
7.4,38.0,11,7,9.6,7.4,0,6.4,0,1,6.9,6.4,5.0,9.7,MODERATE
9.1,58.7,7,5,6.4,7.1,0,4.9,17,10,9.6,7.8,3.3,9.1,HIGH
10.3,57.3,1,2,6.7,6.0,1,5.9,12,8,5.8,4.4,5.7,6.5,LOW
7.2,44.1,0,6,8.6,2.1,1,6.7,24,9,8.1,6.8,3.7,1.4,MODERATE
9.5,62.0,52,3,7.0,2.7,2,5.8,23,5,7.8,5.6,5.0,6.5,MODERATE
7.1,36.5,5,3,7.6,3.6,1,6.9,27,2,9.3,6.5,3.2,1.8,MODERATE
7.5,47.2,22,1,3.1,9.0,2,6.3,28,6,2.9,3.5,7.9,7.4,LOW
5.5,30.0,32,5,4.3,2.6,4,6.3,3,11,8.4,5.1,4.2,4.5,MODERATE
6.7,39.1,19,3,2.3,9.3,0,6.8,5,8,9.1,4.6,3.5,8.5,MODERATE
5.6,40.1,0,4,5.6,5.7,2,7.1,17,8,4.5,5.5,6.9,9.5,MODERATE
6.6,39.5,53,4,5.1,7.4,3,7.4,27,0,3.8,3.2,7.2,4.8,MODERATE
11.6,73.0,0,7,10.0,2.0,2,9.1,4,1,9.6,7.9,2.5,5.1,HIGH
6.6,41.4,50,4,6.5,3.4,2,7.6,17,7,6.6,5.2,4.4,6.3,MODERATE
15.6,82.8,78,3,8.1,9.6,0,4.6,30,10,4.4,5.5,5.5,2.8,HIGH
10.2,54.3,19,2,4.0,3.4,1,5.1,28,0,8.1,6.2,3.9,9.3,MODERATE
9.5,52.8,26,2,8.5,3.7,1,6.1,4,10,3.7,5.9,7.3,4.9,MODERATE
6.9,40.1,22,2,6.5,2.8,2,5.5,6,11,2.6,3.8,7.3,2.5,MODERATE
10.8,55.0,17,4,7.3,2.2,5,7.0,22,10,5.9,5.2,6.2,7.9,MODERATE
7.6,43.5,76,4,3.6,3.1,0,7.1,8,2,6.1,4.8,5.4,3.0,MODERATE
9.3,53.5,78,4,5.9,6.8,0,5.9,2,10,8.4,6.5,3.3,2.3,MODERATE
15.4,87.8,14,4,6.7,5.1,0,8.0,11,6,5.1,5.2,5.7,6.1,MODERATE
8.8,53.9,33,5,6.3,6.0,2,8.4,19,7,8.3,5.9,3.4,7.0,MODERATE
11.9,70.1,91,3,9.2,2.1,0,4.1,24,4,3.8,7.0,5.6,6.1,HIGH
7.2,36.1,114,3,9.1,8.2,1,4.6,13,1,6.2,6.9,4.4,6.9,MODERATE
8.9,47.8,24,1,9.7,8.1,1,7.9,7,2,2.9,4.8,6.2,2.0,MODERATE
13.4,76.9,21,6,7.0,1.2,1,7.6,11,8,4.5,4.8,7.1,5.3,MODERATE
7.4,44.3,11,6,9.7,4.5,0,7.2,6,10,8.7,7.2,3.6,4.2,MODERATE
13.5,67.6,111,5,8.5,1.6,3,6.5,23,9,2.9,5.2,6.6,9.8,MODERATE
10.8,66.1,5,4,3.4,8.1,1,6.4,8,6,8.3,5.5,4.3,1.4,MODERATE
7.6,49.6,30,3,4.8,7.6,3,7.2,11,0,3.5,4.1,6.6,3.7,LOW
10.6,61.2,11,2,3.1,9.1,1,6.7,3,2,1.3,2.9,7.1,9.5,MODERATE
11.4,58.0,11,3,1.0,3.1,0,8.2,4,8,2.0,1.9,9.9,9.9,LOW
10.6,64.5,18,4,2.7,5.1,0,5.6,8,6,7.7,5.5,4.6,8.4,MODERATE
5.1,34.3,180,4,1.0,2.7,5,6.5,6,11,3.4,2.2,7.3,1.7,MODERATE
7.2,47.7,1,4,7.5,4.3,2,7.7,13,1,6.9,5.4,4.0,6.1,MODERATE
8.4,53.3,30,8,4.8,5.7,0,6.7,19,5,7.3,5.8,3.9,4.6,MODERATE
8.8,56.0,3,3,3.8,1.5,2,7.4,21,8,4.1,4.3,7.5,8.3,LOW
10.6,60.8,5,4,7.9,7.4,1,7.4,26,3,5.3,4.3,6.8,1.5,MODERATE
9.4,49.1,20,3,8.5,5.9,1,5.9,16,9,4.6,5.3,6.5,2.8,MODERATE
5.7,38.6,25,5,9.8,8.5,0,5.2,0,1,9.5,8.2,2.2,5.4,HIGH
10.0,59.3,10,6,6.8,3.4,2,5.5,24,2,3.9,4.5,7.5,2.4,MODERATE
10.5,63.6,13,7,5.2,9.1,0,5.1,14,6,2.6,3.7,7.8,7.2,LOW
10.4,54.5,3,7,3.7,10.0,0,4.1,23,3,4.3,4.8,6.7,8.4,MODERATE
11.7,61.4,12,3,3.0,9.3,1,7.9,14,6,7.0,5.1,5.2,7.3,MODERATE
11.1,68.9,118,3,2.9,8.0,0,4.0,28,4,7.3,4.6,4.2,5.0,HIGH
10.1,61.7,101,3,4.7,8.3,1,8.9,0,7,9.3,5.4,3.1,8.9,MODERATE
8.8,57.6,14,3,9.9,6.2,0,5.8,28,7,8.9,8.0,2.9,2.2,HIGH
4.8,35.4,29,7,1.0,2.7,1,6.1,14,4,3.6,3.3,7.5,3.3,MODERATE
10.1,59.5,84,4,2.8,7.1,3,4.5,26,6,5.1,4.7,5.3,5.4,MODERATE
9.5,57.3,0,5,2.7,7.4,1,7.0,1,10,7.7,5.7,4.4,1.6,MODERATE
9.7,61.8,58,2,7.5,9.9,1,6.2,28,5,9.2,7.1,3.2,1.9,MODERATE
5.8,37.7,103,5,4.2,5.9,1,6.6,3,7,4.0,4.5,7.0,4.6,MODERATE
6.3,41.0,3,6,5.1,3.4,1,5.5,16,8,5.0,4.6,6.5,9.5,MODERATE
11.6,60.3,6,10,2.3,7.2,2,7.1,15,4,9.1,5.2,3.4,9.2,MODERATE
8.9,51.6,113,2,4.6,9.8,0,5.4,17,6,4.2,3.8,7.5,5.2,MODERATE
10.7,64.2,26,6,1.9,2.6,3,6.6,20,0,5.3,4.2,5.5,2.3,MODERATE
9.1,49.6,0,7,5.8,3.9,2,7.1,15,10,9.1,6.2,4.1,2.6,MODERATE
9.1,48.5,10,3,1.9,5.9,2,8.4,7,7,8.2,4.5,4.3,4.4,MODERATE
11.3,61.2,20,5,8.1,2.5,0,7.5,5,2,3.2,4.3,7.2,2.9,MODERATE
7.7,42.1,41,2,6.1,1.2,0,6.6,30,0,3.9,4.7,6.8,1.7,MODERATE
9.2,49.2,46,4,7.5,4.0,1,6.5,21,5,4.2,5.2,6.4,7.1,MODERATE
7.8,45.4,180,3,4.8,8.8,3,6.9,19,7,9.2,5.6,4.1,6.2,MODERATE
7.9,53.1,11,3,4.4,1.4,1,7.5,1,10,10.0,5.6,3.5,3.6,MODERATE
8.2,48.6,27,1,1.9,4.9,0,5.5,18,2,8.0,5.1,4.9,8.0,MODERATE
9.6,50.8,26,6,5.7,7.9,0,7.7,12,0,5.4,4.9,6.1,8.0,MODERATE
7.8,40.2,18,3,5.6,9.6,2,5.3,21,2,1.1,4.5,7.5,5.4,MODERATE
12.1,70.9,6,7,5.2,9.9,2,7.1,21,4,7.3,5.5,4.8,1.9,MODERATE
6.8,39.7,132,6,7.7,4.8,0,7.2,20,10,4.5,5.5,5.8,9.3,MODERATE
8.5,54.8,67,3,8.5,9.6,0,5.6,5,7,6.7,5.7,4.4,7.0,MODERATE
7.9,49.4,24,3,7.8,1.3,1,4.5,26,8,6.5,7.6,4.3,3.2,MODERATE
12.6,74.9,32,2,2.3,7.7,1,6.2,5,11,5.3,4.3,6.2,6.5,LOW
9.5,51.6,9,4,6.6,6.8,2,3.1,12,8,9.5,7.8,3.0,4.6,HIGH
11.6,68.4,27,5,1.7,3.2,2,6.3,0,3,1.2,2.0,9.3,6.7,MODERATE
5.3,30.5,41,6,7.3,5.6,1,4.9,21,7,7.4,6.1,5.1,5.3,MODERATE
9.7,62.6,25,5,4.4,2.2,0,9.5,20,10,4.7,2.9,6.9,5.4,MODERATE
11.2,65.5,162,1,2.2,8.8,2,7.9,23,4,7.4,5.2,5.0,7.6,MODERATE
9.2,50.9,33,8,8.8,4.2,5,6.6,8,2,7.1,6.0,4.7,6.5,MODERATE
11.7,62.5,16,8,6.5,6.6,3,8.2,29,4,1.1,2.4,9.1,1.7,MODERATE
7.7,41.4,51,3,4.2,2.4,3,7.4,21,1,3.6,3.1,7.5,1.6,LOW
12.5,72.9,6,6,1.3,2.9,1,5.0,28,10,2.7,2.4,7.9,3.7,HIGH
14.7,76.8,16,4,5.8,9.9,2,5.7,11,10,2.5,4.0,8.6,4.9,MODERATE
8.1,49.4,14,3,9.3,7.8,3,7.8,11,10,7.6,7.0,3.8,3.5,MODERATE
7.9,43.5,19,7,6.4,9.7,2,5.3,25,5,3.2,4.3,7.8,6.9,LOW
12.6,72.9,53,3,9.7,3.7,0,7.0,3,0,5.3,5.2,5.1,2.8,MODERATE
12.9,76.7,23,4,2.2,2.5,4,7.4,18,5,3.2,2.9,7.9,7.3,LOW
7.7,50.2,55,7,6.1,5.5,1,6.2,15,4,6.2,5.4,6.0,8.0,MODERATE
7.9,50.9,30,4,8.2,5.5,0,6.7,25,8,7.5,7.0,3.2,2.1,MODERATE
8.3,44.3,14,6,5.7,2.6,0,7.6,11,6,4.0,3.8,6.9,6.9,LOW
5.6,30.0,58,5,1.8,7.6,1,7.5,0,5,6.4,3.7,6.0,9.7,LOW
6.7,44.0,9,11,6.2,4.3,1,7.1,22,10,8.4,6.0,4.1,2.7,MODERATE
6.5,38.0,8,3,6.5,2.7,0,6.5,20,11,1.8,3.8,8.1,9.2,LOW
7.1,42.0,24,4,7.6,4.0,2,7.3,3,6,7.4,5.9,4.6,6.5,MODERATE
8.9,45.0,10,2,7.9,6.1,2,3.9,8,9,3.9,5.5,5.9,6.3,MODERATE
9.6,51.9,0,3,7.9,7.5,2,8.4,6,4,2.1,2.8,9.3,1.5,MODERATE
12.9,65.0,36,0,7.0,5.3,0,6.3,9,0,5.9,5.3,5.2,7.7,MODERATE
6.5,45.7,25,5,2.9,5.7,2,5.5,12,8,3.0,3.8,7.6,5.3,MODERATE
11.5,61.2,20,5,4.6,2.3,0,7.3,7,4,8.4,6.0,3.7,7.5,MODERATE
8.5,50.9,119,2,8.0,9.2,1,7.2,19,3,1.4,3.6,7.1,8.3,MODERATE
8.9,45.1,29,3,9.6,9.4,1,5.2,9,5,1.9,5.7,6.9,5.7,MODERATE
10.7,63.5,69,6,1.7,7.2,2,6.6,27,4,5.7,3.8,5.3,3.4,MODERATE
6.2,35.8,5,3,5.8,1.2,1,6.5,9,0,6.3,4.6,6.0,2.3,MODERATE
10.0,63.5,29,4,3.8,5.8,0,6.5,7,1,7.6,4.4,4.6,2.4,MODERATE
9.4,60.3,70,5,3.0,6.7,1,8.6,19,3,3.3,3.2,7.1,8.8,LOW
10.2,55.9,30,2,5.6,10.0,1,6.5,14,7,8.6,6.0,3.4,2.1,MODERATE
9.7,62.0,44,4,6.5,10.0,3,6.3,0,4,9.6,6.3,3.4,4.5,MODERATE
15.1,90.4,16,4,1.1,8.7,3,5.6,26,6,5.5,2.7,6.1,4.0,MODERATE
7.4,49.4,3,6,8.0,1.6,0,5.4,14,1,7.8,6.7,4.6,8.8,MODERATE
7.7,51.2,21,3,8.4,9.6,0,7.0,23,7,5.7,5.9,5.5,5.3,MODERATE
7.4,40.7,17,3,9.7,6.5,0,5.9,16,4,1.6,4.4,7.6,10.0,MODERATE
7.6,46.7,70,5,2.6,8.2,2,6.3,12,3,3.9,2.9,7.6,7.6,MODERATE
7.4,38.0,9,4,6.4,4.7,0,6.8,11,8,1.8,3.3,8.1,8.7,LOW
12.0,61.4,119,5,4.8,3.9,0,6.6,2,5,9.9,7.0,3.0,1.9,MODERATE
12.6,78.0,111,6,4.0,5.2,1,6.7,22,3,3.1,2.7,6.9,3.3,HIGH
7.6,42.9,9,5,6.1,2.3,0,6.7,18,7,6.7,5.2,5.1,2.2,MODERATE
6.9,45.7,14,1,8.0,4.2,0,7.3,28,2,3.6,5.3,6.8,5.2,MODERATE
10.2,63.1,79,5,1.2,8.7,1,9.5,23,9,6.9,3.5,6.2,7.5,LOW
7.6,50.9,118,4,9.7,1.3,0,8.1,4,1,2.9,4.7,6.8,2.5,MODERATE
10.6,68.0,20,0,8.3,2.4,1,6.0,2,6,8.1,6.6,5.1,2.2,MODERATE
9.5,51.1,13,5,7.8,2.1,4,8.1,20,11,2.0,3.7,8.2,6.5,LOW
5.2,30.0,26,3,7.8,4.6,0,5.1,4,3,9.1,7.2,2.5,3.1,MODERATE
12.9,70.7,40,4,4.5,10.0,1,5.8,23,3,8.6,5.6,3.6,5.3,MODERATE
13.5,69.5,11,4,7.8,2.6,3,7.4,27,9,7.1,5.4,5.5,1.5,MODERATE
7.5,37.8,46,6,4.5,2.3,3,7.4,8,8,1.6,3.2,8.9,7.1,LOW
8.0,45.4,1,5,9.1,9.2,1,7.3,5,1,2.9,4.7,7.1,5.9,MODERATE
9.7,60.3,1,2,2.6,8.9,2,5.7,15,0,8.7,5.7,4.0,6.8,MODERATE
9.8,57.5,17,2,3.6,1.3,0,5.7,9,6,2.1,3.3,7.4,3.5,MODERATE
10.6,57.7,15,4,6.0,7.8,2,6.7,15,11,2.4,4.0,8.3,3.5,MODERATE
14.0,79.8,13,6,3.9,6.9,4,6.2,2,7,5.9,4.5,5.2,8.2,LOW
8.6,46.5,23,5,4.8,7.9,1,7.7,17,2,3.5,3.3,7.7,7.5,LOW
7.0,35.2,13,5,5.4,5.5,1,6.1,10,1,3.0,3.6,8.1,6.2,MODERATE
5.6,39.5,7,6,8.7,9.9,0,6.1,18,3,6.2,5.6,5.2,6.7,MODERATE
7.2,45.4,12,4,5.7,1.4,1,4.4,24,1,4.4,4.6,6.9,1.8,MODERATE
8.9,55.9,128,3,4.3,3.1,1,7.6,22,11,2.3,2.7,9.0,8.7,LOW
13.5,68.1,18,3,3.2,4.6,2,6.9,14,1,5.8,3.4,6.2,7.9,MODERATE
7.7,51.1,20,5,4.7,5.0,0,3.5,10,4,4.5,4.5,6.3,6.3,MODERATE
9.6,57.3,30,4,5.6,9.3,1,7.1,26,9,7.6,6.1,4.3,9.3,MODERATE
9.0,53.5,143,4,7.7,6.0,1,6.0,24,4,1.9,4.4,7.4,2.5,MODERATE
12.0,69.4,9,3,2.1,1.4,0,7.5,28,7,6.6,3.8,5.2,7.2,LOW
15.3,89.5,40,3,3.0,4.7,0,6.4,30,8,4.9,5.1,6.2,9.7,MODERATE
7.7,47.3,44,1,4.4,4.7,0,5.5,21,1,4.7,3.7,6.5,3.8,MODERATE
7.8,47.7,32,2,4.2,9.7,2,8.7,23,0,3.1,3.4,7.6,1.1,LOW
11.6,72.9,3,7,4.5,6.4,1,8.5,9,2,1.3,2.3,7.9,7.6,LOW
10.7,64.9,39,2,8.1,6.7,2,6.3,26,5,8.6,7.4,3.4,1.1,MODERATE
13.6,74.6,2,4,3.9,7.4,0,7.0,8,4,3.9,3.7,7.5,8.9,LOW
10.5,63.1,31,3,5.5,7.9,3,5.9,2,7,7.1,4.8,4.5,1.5,MODERATE
8.1,46.3,47,3,6.6,6.7,2,4.3,22,7,9.5,7.5,3.0,6.9,HIGH
10.5,55.9,8,7,3.1,3.1,1,8.2,8,1,6.1,4.1,4.8,4.4,MODERATE
11.8,68.0,64,3,7.5,8.9,0,5.5,17,8,4.6,4.3,5.8,2.8,HIGH
11.1,69.4,1,2,5.9,7.6,0,8.2,11,3,3.4,4.6,7.3,9.1,MODERATE
10.3,65.4,64,1,5.0,7.7,4,7.4,22,0,9.4,6.2,3.3,7.7,MODERATE
11.7,63.6,21,4,8.3,10.0,1,6.9,20,1,7.1,6.6,5.4,4.1,MODERATE
11.9,67.4,8,2,3.2,8.2,1,6.4,23,10,7.0,4.3,5.4,3.6,MODERATE
12.5,65.7,5,4,8.9,8.5,0,7.4,15,5,4.8,5.7,6.2,7.6,MODERATE
10.6,67.9,107,7,6.0,9.6,2,5.3,3,4,8.6,7.2,3.0,8.5,MODERATE
8.6,57.7,2,4,6.5,2.4,0,8.2,0,11,7.4,5.6,4.4,7.4,MODERATE
9.4,56.7,7,5,8.9,5.5,1,6.7,26,6,3.5,5.1,6.4,6.8,MODERATE
12.0,72.1,14,8,8.4,6.2,1,8.4,12,8,6.4,5.1,4.7,3.1,MODERATE
7.0,45.7,33,4,6.4,4.0,1,6.3,30,5,4.9,4.9,6.4,8.7,MODERATE
9.9,58.4,27,3,7.8,8.6,1,6.7,25,5,1.1,3.5,8.8,7.7,LOW
8.0,40.8,4,7,4.9,7.9,1,6.8,7,1,8.3,6.0,4.2,5.7,MODERATE
9.1,52.3,11,4,5.9,7.5,2,7.2,30,6,2.1,3.0,7.6,5.6,MODERATE
12.2,71.1,9,5,1.6,10.0,2,8.9,5,1,5.6,3.3,6.4,6.1,MODERATE
9.5,57.7,8,8,1.8,3.3,2,5.9,28,6,4.0,3.0,6.1,8.5,LOW
9.1,51.1,18,4,8.5,7.6,0,6.3,7,7,4.1,5.2,7.1,7.7,MODERATE
5.6,42.1,42,3,1.5,6.0,2,6.5,18,11,5.3,3.9,5.5,8.7,LOW
10.9,57.0,8,1,2.5,3.8,0,3.5,23,0,10.0,6.3,2.5,5.6,MODERATE
10.6,60.5,15,1,8.2,2.4,0,5.8,23,8,4.7,5.9,5.9,6.6,MODERATE
14.4,82.4,17,8,1.0,9.1,3,5.9,11,7,2.6,2.8,8.0,8.7,LOW
8.2,51.5,131,5,3.5,6.4,2,9.5,0,8,6.5,3.7,5.6,3.1,MODERATE
9.5,57.2,108,3,6.3,8.4,1,6.8,3,4,3.1,4.7,6.5,5.0,MODERATE
9.6,52.1,56,5,6.4,5.9,3,7.1,22,3,1.9,3.6,8.5,6.6,MODERATE
12.9,66.8,9,4,8.0,3.0,5,4.6,12,0,1.5,5.2,6.8,9.2,HIGH
8.8,53.5,2,3,5.6,4.0,1,6.4,29,8,1.2,4.1,7.4,1.1,MODERATE
9.7,57.5,13,1,5.6,4.4,1,7.7,26,3,4.9,4.2,6.2,2.9,MODERATE
10.5,55.2,10,5,7.5,9.8,2,9.5,16,3,4.8,4.6,5.6,3.1,MODERATE
9.5,58.1,24,3,5.5,1.1,0,5.6,18,3,2.7,3.7,8.2,3.9,MODERATE
7.9,46.3,52,4,6.5,9.9,0,4.1,18,1,8.1,6.4,3.4,3.5,MODERATE
9.5,57.5,68,9,9.1,9.8,2,5.5,21,11,2.2,4.9,8.2,6.3,MODERATE
11.7,71.1,65,7,4.6,10.0,1,5.5,4,10,9.2,5.7,4.2,9.0,HIGH
6.4,34.5,15,5,4.5,5.3,0,5.5,27,3,6.3,4.8,6.0,6.7,MODERATE
9.3,46.8,40,4,1.0,9.7,1,7.7,10,1,1.2,1.8,9.8,3.2,LOW
7.2,47.7,13,1,6.5,4.6,1,6.9,30,7,9.7,6.5,3.2,8.8,MODERATE
12.0,69.1,2,7,1.3,1.2,4,5.0,6,6,3.8,3.8,6.5,6.7,HIGH
5.2,36.5,42,2,5.5,3.0,2,8.3,2,10,5.0,4.3,6.2,3.0,MODERATE
7.6,50.6,0,7,8.2,9.5,1,9.0,10,9,3.6,5.1,6.4,4.3,MODERATE
9.9,61.5,18,4,5.9,1.1,4,4.3,16,1,7.6,6.8,3.8,8.1,MODERATE
12.9,78.9,13,6,3.4,5.9,3,8.0,10,1,5.4,4.3,6.1,7.7,MODERATE
8.8,52.0,41,5,8.1,1.7,1,6.3,14,1,2.2,4.6,7.4,6.2,MODERATE
7.6,45.3,50,6,3.4,3.6,3,5.3,18,0,1.9,3.3,7.7,2.3,MODERATE
13.7,74.5,12,6,7.6,1.8,1,4.6,7,5,7.5,7.5,3.9,8.2,HIGH
5.4,30.0,58,2,6.5,8.7,0,5.9,15,5,3.1,4.8,7.3,3.8,MODERATE
4.0,30.0,12,5,2.5,6.3,0,5.8,20,0,2.2,3.0,8.5,7.9,MODERATE
10.1,54.7,20,5,9.1,9.1,2,6.7,14,10,5.5,6.0,4.6,6.8,MODERATE
7.7,52.3,45,7,2.8,7.2,1,9.3,2,0,8.2,4.6,4.4,3.4,MODERATE
6.4,40.7,41,3,9.9,9.7,2,5.8,29,5,3.5,5.3,6.6,2.9,MODERATE
10.8,62.9,153,2,1.1,5.6,2,4.7,23,10,3.5,3.0,6.8,2.2,MODERATE
9.6,53.3,8,5,3.4,6.7,0,6.1,5,5,8.5,6.3,3.8,3.2,MODERATE
7.6,38.8,37,7,2.8,6.2,0,7.9,30,3,2.3,3.3,7.9,2.4,LOW
5.8,30.0,32,4,1.1,5.4,1,6.2,2,2,6.6,3.6,5.9,6.6,MODERATE
11.2,62.4,86,5,7.6,8.6,0,7.3,29,8,9.6,6.6,3.3,6.4,MODERATE
10.6,54.3,5,4,7.2,6.8,1,6.7,4,5,8.6,7.2,3.1,6.3,MODERATE
8.8,53.1,48,6,8.1,8.2,1,6.6,0,0,1.6,4.4,8.9,6.8,MODERATE
13.6,81.2,29,2,3.3,8.1,1,8.6,21,2,3.9,3.3,7.5,8.3,LOW
6.3,44.7,11,5,5.0,2.7,1,5.2,30,0,2.3,4.3,7.8,9.2,MODERATE
5.2,35.9,22,3,6.9,6.9,1,5.1,13,2,9.5,7.2,3.6,3.1,MODERATE
7.3,39.7,14,6,5.0,2.8,2,5.3,11,1,9.9,7.0,3.1,6.3,MODERATE
8.9,57.4,30,4,7.3,6.2,5,6.9,12,4,3.1,4.5,7.7,1.7,MODERATE
9.6,61.3,76,4,6.7,7.1,2,6.6,13,2,7.0,5.4,4.9,2.1,MODERATE
8.4,44.9,29,7,2.0,10.0,1,7.4,24,6,8.6,5.0,4.2,6.9,MODERATE
9.9,60.6,34,1,8.0,1.3,0,6.4,11,7,3.1,5.3,7.2,5.4,MODERATE
5.9,33.8,25,2,7.5,1.8,2,6.2,22,6,2.7,4.3,8.1,7.8,LOW
12.6,75.0,1,5,6.9,1.7,3,6.9,30,1,1.1,3.5,9.2,4.8,MODERATE
8.8,59.0,9,2,2.4,4.6,0,8.7,26,9,4.7,3.1,7.0,2.1,MODERATE
11.8,59.5,23,5,3.4,8.4,0,5.0,12,9,9.1,6.0,3.9,8.8,HIGH
9.9,63.0,12,4,4.5,8.6,0,5.3,23,6,9.1,6.7,3.8,1.7,MODERATE
10.1,59.8,7,0,3.5,7.6,2,6.6,5,9,2.1,2.6,8.7,2.7,MODERATE
10.4,66.6,24,3,3.1,9.1,1,9.1,26,2,2.8,3.0,8.3,3.5,LOW
10.1,57.5,13,3,8.2,3.9,0,5.1,20,6,4.7,6.1,5.7,10.0,MODERATE
10.6,65.7,10,1,6.7,1.8,3,6.5,14,0,8.0,5.8,4.9,4.8,MODERATE
12.3,62.4,21,3,6.1,1.5,1,5.4,27,1,6.5,6.7,4.9,5.5,HIGH
9.5,52.5,5,5,3.0,8.7,1,7.0,21,11,5.6,4.1,6.3,7.9,LOW
10.8,55.0,91,6,9.3,7.6,1,3.8,22,9,6.3,6.8,5.5,6.7,MODERATE
8.8,58.6,70,2,2.7,7.3,0,5.2,15,0,1.9,3.6,8.3,8.6,MODERATE
12.6,75.3,43,3,8.2,4.1,1,8.2,8,8,5.3,5.4,6.2,5.4,MODERATE
7.3,49.3,3,4,9.7,4.4,1,6.5,7,1,9.9,7.0,2.8,9.7,MODERATE
13.5,81.6,52,4,7.5,9.6,1,5.5,4,1,1.8,4.1,8.6,8.2,HIGH
8.9,45.8,57,4,9.9,1.6,2,6.4,14,5,5.7,6.5,5.5,4.6,MODERATE
5.4,32.8,51,5,6.9,8.0,2,6.4,6,6,3.7,3.6,7.1,4.4,MODERATE
9.3,47.6,4,0,3.0,3.8,0,7.2,23,1,5.9,4.1,6.4,9.4,MODERATE
7.3,39.7,36,3,2.8,1.4,1,3.8,16,3,6.2,5.3,6.6,7.2,MODERATE
11.1,58.9,62,5,3.9,7.7,2,5.2,15,2,6.2,4.5,5.0,6.6,HIGH
7.4,44.0,30,6,1.1,4.0,0,5.3,23,4,8.7,5.4,3.6,7.8,MODERATE
7.9,43.5,36,8,7.1,7.5,0,7.3,10,8,4.5,4.7,7.7,6.0,MODERATE
4.3,30.0,21,3,3.4,7.4,1,6.5,6,1,5.6,3.7,6.3,2.4,MODERATE
7.9,42.0,26,4,8.3,5.8,1,8.4,10,4,1.1,3.9,8.4,3.9,MODERATE
4.0,30.0,1,3,4.2,8.0,0,7.6,27,7,8.1,5.6,4.2,6.0,MODERATE
5.0,39.6,35,4,5.3,6.2,2,6.1,27,5,3.3,3.9,7.8,1.2,MODERATE
10.9,65.9,2,4,9.7,3.6,1,6.4,1,3,8.3,7.2,5.0,4.9,MODERATE
11.0,69.5,19,5,3.2,7.6,3,8.2,1,9,3.4,3.2,7.0,7.8,LOW
10.1,57.1,12,3,7.5,6.3,0,8.4,27,7,1.1,3.1,8.5,2.5,MODERATE
6.6,37.2,27,2,7.8,1.1,2,6.4,5,2,2.4,3.4,7.6,1.6,MODERATE
8.9,56.5,5,5,3.0,9.1,0,5.2,2,3,9.9,6.5,3.5,8.5,MODERATE
9.0,49.9,41,6,5.5,5.9,1,3.8,0,10,3.9,4.7,7.3,6.6,MODERATE
6.1,35.0,55,1,4.2,8.8,1,3.8,30,8,2.0,3.7,8.7,2.6,MODERATE
12.8,67.5,6,6,7.9,8.9,1,7.1,23,4,2.1,4.8,7.9,8.3,MODERATE
11.2,57.9,3,6,6.6,5.0,2,7.1,22,5,3.8,4.3,8.1,6.9,LOW
8.4,45.8,5,5,5.3,5.6,0,5.6,19,11,1.3,3.4,8.0,4.0,MODERATE
9.1,50.8,73,3,8.0,4.7,1,8.2,15,10,5.6,5.4,5.2,4.4,MODERATE
9.5,57.6,26,3,3.1,5.0,0,6.2,13,1,2.9,3.5,8.2,2.4,MODERATE
4.0,30.0,22,4,7.8,9.1,2,5.7,16,8,5.7,5.5,5.6,8.5,MODERATE
8.4,45.2,3,3,8.8,8.1,0,8.0,17,7,2.3,4.1,6.9,5.6,MODERATE
7.3,48.6,36,3,8.9,2.1,2,7.9,24,6,4.9,5.3,5.8,6.0,MODERATE
6.5,34.7,70,1,8.1,6.5,2,6.4,3,8,6.4,6.2,5.1,9.0,MODERATE
8.3,46.6,61,6,4.7,10.0,2,7.2,2,4,1.6,3.0,8.0,1.1,LOW
13.5,80.5,34,5,9.8,6.4,0,7.3,7,4,4.6,6.9,5.1,1.6,MODERATE
10.6,55.3,2,6,4.4,8.1,1,9.3,3,10,3.7,2.4,7.3,2.5,LOW
7.6,39.2,4,4,6.7,7.9,0,6.3,22,10,3.2,4.9,6.4,1.3,MODERATE
10.4,59.3,1,6,2.4,4.2,2,5.0,14,8,6.4,5.4,5.5,6.9,MODERATE
12.5,67.0,10,5,9.8,4.3,2,7.3,12,10,6.3,6.5,3.9,6.7,MODERATE
11.3,65.0,5,3,7.3,7.5,1,6.6,13,4,6.7,5.6,5.0,2.9,MODERATE
9.1,57.6,10,4,7.8,5.5,2,6.6,29,8,2.4,5.2,7.5,2.3,MODERATE
7.4,39.1,17,2,1.6,6.1,0,6.5,13,0,3.6,1.9,7.6,2.3,MODERATE
10.7,62.2,100,1,7.9,7.4,1,4.4,4,9,2.9,4.9,7.6,9.6,MODERATE
10.0,57.6,32,5,8.0,8.0,0,6.8,4,9,5.9,6.3,4.5,7.2,MODERATE
11.2,58.2,63,3,7.0,3.4,4,6.0,26,10,5.1,5.2,5.5,6.3,MODERATE
10.6,62.4,43,7,3.6,2.3,3,6.1,21,7,4.0,4.6,6.5,3.9,MODERATE
11.6,62.1,4,8,5.4,3.6,2,6.0,27,2,8.1,5.3,4.7,4.9,MODERATE
7.7,45.8,46,7,2.0,5.6,3,6.4,12,7,1.8,1.8,8.7,1.8,MODERATE
12.3,62.7,11,6,5.2,4.1,1,6.8,3,4,9.8,6.2,4.3,10.0,MODERATE
9.5,54.4,35,0,3.2,6.1,3,6.5,17,1,2.0,3.0,7.7,7.8,MODERATE
14.2,75.6,14,3,4.1,1.5,1,8.0,5,8,8.0,4.9,3.8,6.6,MODERATE
7.3,48.8,180,2,2.5,5.6,2,7.5,28,3,4.3,3.0,7.8,6.3,MODERATE
13.3,67.4,10,6,3.1,4.3,2,6.4,4,6,8.8,6.2,3.0,5.5,MODERATE
9.5,53.8,11,6,1.7,5.8,0,5.2,2,11,1.7,3.4,8.5,3.3,MODERATE
7.4,43.9,93,7,9.3,4.8,1,7.3,19,7,4.4,5.2,5.8,3.0,MODERATE
7.8,49.9,0,2,5.8,3.6,0,6.1,2,6,4.0,3.7,5.9,5.9,MODERATE
8.2,49.6,41,7,4.6,9.1,5,6.3,2,10,9.9,5.4,3.2,1.6,MODERATE
10.1,60.5,45,1,5.8,2.7,0,4.8,19,5,9.9,7.4,3.3,1.7,MODERATE
10.3,63.2,63,3,6.7,7.1,1,7.0,1,11,2.7,4.3,6.7,6.0,MODERATE
7.6,50.9,128,3,9.3,9.3,2,9.5,19,6,6.7,5.7,5.2,9.3,MODERATE
8.9,49.2,129,2,2.6,5.8,0,5.8,25,3,5.8,4.3,6.2,9.2,MODERATE
14.4,80.1,2,2,3.7,8.9,1,7.3,26,9,2.4,2.5,7.4,1.1,LOW
13.3,79.1,60,1,9.8,2.1,1,8.1,17,0,2.5,4.8,7.2,2.0,MODERATE
10.1,65.3,36,3,4.3,5.4,0,5.8,29,4,9.9,7.3,3.6,6.2,MODERATE
9.1,58.8,36,7,1.2,5.1,2,3.3,9,7,5.1,3.3,6.8,8.6,LOW
9.3,52.1,4,7,2.3,1.1,0,7.4,23,9,2.1,2.3,8.1,9.6,LOW
10.5,55.4,36,2,1.2,5.0,0,6.6,25,5,2.9,2.1,8.1,8.7,LOW
6.4,39.3,141,0,9.9,4.3,1,6.9,20,4,3.4,4.5,6.6,7.1,MODERATE
8.4,53.1,84,3,3.5,7.0,1,6.6,28,1,5.6,3.7,6.6,2.8,MODERATE
4.8,31.4,20,6,9.3,9.4,3,8.0,6,9,4.0,5.2,7.0,1.7,MODERATE
10.0,57.2,1,9,10.0,1.8,3,6.4,26,11,5.1,6.3,5.6,1.4,MODERATE
10.6,65.6,15,2,6.4,3.9,1,9.3,19,4,2.5,3.9,7.7,6.5,MODERATE
7.8,44.4,61,2,1.3,5.0,1,7.4,25,9,3.9,2.7,6.7,1.3,LOW
12.9,77.4,42,4,1.7,5.1,1,7.8,21,11,1.6,1.0,8.2,7.7,LOW
5.9,35.6,21,4,5.3,8.0,0,6.5,28,2,9.0,6.1,3.5,7.4,MODERATE
5.3,31.4,1,2,4.7,5.0,1,6.9,27,1,2.8,2.8,7.7,1.7,MODERATE
9.6,54.8,19,6,6.5,1.2,2,4.3,13,2,7.8,6.2,4.8,9.2,MODERATE
11.6,69.4,22,4,4.9,7.4,1,5.7,9,3,4.1,4.7,7.0,5.7,MODERATE
13.2,67.9,92,2,9.4,9.0,0,7.9,19,1,5.3,5.7,5.7,9.1,MODERATE
7.9,42.4,35,6,5.8,5.6,1,6.4,30,3,3.6,4.6,7.4,9.1,MODERATE
11.7,72.8,13,3,7.2,6.2,0,5.0,15,3,7.3,6.4,4.0,2.8,HIGH
8.9,47.1,26,3,9.1,2.5,2,5.6,5,5,8.6,7.9,3.9,4.4,HIGH
8.6,51.5,2,3,2.3,3.0,1,5.6,16,11,3.6,3.2,6.8,2.2,MODERATE
11.2,64.7,125,5,3.1,3.1,1,6.4,5,4,3.2,3.8,7.9,8.0,MODERATE
10.6,60.3,15,2,2.0,4.9,1,5.4,21,6,7.1,5.0,4.9,5.5,MODERATE
5.1,35.2,22,6,2.3,9.4,3,8.3,17,10,2.8,2.2,6.9,9.4,LOW
12.7,66.9,15,3,5.6,5.7,0,6.8,27,6,6.8,5.5,5.3,2.9,MODERATE
12.5,70.8,40,3,3.9,2.7,3,4.7,9,2,1.8,3.5,8.5,7.2,HIGH
7.4,42.6,37,1,4.8,3.4,1,8.5,9,8,6.6,5.3,4.9,9.9,MODERATE
10.0,59.9,43,4,9.8,4.5,3,6.4,8,6,5.6,6.4,5.1,7.0,MODERATE
10.2,53.1,10,7,2.4,6.6,2,7.2,30,6,2.0,2.4,8.2,1.6,LOW
9.7,57.1,13,4,5.9,5.0,0,6.9,21,1,6.8,5.3,4.0,6.3,MODERATE
7.6,40.8,4,1,1.9,4.5,2,7.0,27,11,5.0,3.9,5.1,2.6,MODERATE
7.3,40.7,37,1,3.9,6.1,2,6.1,14,9,3.0,3.9,8.0,1.3,MODERATE
8.9,47.8,1,2,5.7,3.2,0,6.9,10,2,4.2,4.2,6.2,4.0,MODERATE
11.9,62.2,31,4,9.5,1.7,0,6.3,28,2,5.4,5.5,6.6,3.4,MODERATE
10.4,64.4,71,8,4.5,1.2,1,7.0,6,11,1.8,2.5,9.0,8.1,LOW
8.1,44.8,77,3,1.6,3.3,2,6.3,17,5,9.6,5.3,4.4,4.4,MODERATE
10.9,68.4,20,4,4.5,1.8,2,6.1,1,3,7.0,6.0,4.4,7.6,MODERATE
4.0,34.5,21,3,2.3,4.0,2,4.6,1,3,1.9,2.9,7.4,1.1,MODERATE
11.9,68.1,2,4,3.1,8.0,2,6.5,25,0,8.4,5.0,3.8,1.1,MODERATE
4.7,30.0,38,2,6.6,7.4,2,6.8,12,5,3.9,3.6,6.7,1.3,MODERATE
8.1,46.1,60,4,1.6,6.5,1,8.9,10,7,6.4,4.1,4.4,3.0,MODERATE
6.2,43.0,9,3,5.2,8.7,0,7.1,24,7,3.5,4.1,6.8,4.4,MODERATE
5.8,34.5,19,7,6.5,3.5,3,5.6,18,7,7.6,6.7,4.1,6.5,MODERATE
11.9,60.8,63,3,4.8,9.0,0,5.2,28,4,7.5,6.4,3.7,9.9,HIGH
7.8,47.4,73,5,1.2,4.6,1,6.8,19,9,6.0,3.6,5.4,4.2,MODERATE
9.9,62.2,9,3,9.9,4.6,2,5.5,0,5,3.2,5.6,6.6,1.5,MODERATE
8.9,56.4,27,0,4.3,4.6,1,5.8,16,4,3.3,4.6,7.1,2.8,MODERATE
10.2,53.6,7,6,8.0,1.9,0,5.5,19,3,4.4,5.6,5.7,9.1,MODERATE
9.2,56.1,3,7,3.9,9.8,0,6.1,29,11,2.3,3.6,7.9,7.3,LOW
5.8,32.3,84,5,5.3,2.2,1,7.5,17,3,4.0,4.4,6.7,8.1,MODERATE
11.5,60.8,60,4,4.5,4.1,4,3.9,7,3,7.2,6.4,4.5,2.1,HIGH
7.8,52.1,49,1,4.1,3.9,1,8.2,12,3,8.5,5.1,3.9,2.2,MODERATE
5.1,30.0,1,8,1.2,1.7,1,6.2,3,5,4.0,3.1,6.4,2.0,MODERATE
7.9,43.4,64,4,4.2,2.4,1,5.7,18,5,3.1,4.2,8.0,8.7,LOW
12.8,64.0,20,0,9.0,1.4,0,7.7,2,4,8.5,7.2,3.9,2.9,MODERATE
11.1,68.6,14,3,7.2,3.6,0,6.2,5,11,9.0,7.5,3.8,6.8,HIGH
8.1,52.4,27,3,2.3,8.8,0,5.1,27,10,4.7,4.3,6.3,5.6,MODERATE
8.1,49.9,3,3,6.3,4.1,1,4.5,28,10,1.2,4.3,8.0,5.9,MODERATE
8.2,52.3,49,3,9.0,2.1,0,7.4,5,8,7.3,6.2,4.7,2.8,MODERATE
14.2,73.3,30,3,7.3,6.8,0,7.5,21,7,8.1,5.9,3.3,6.7,MODERATE
10.0,56.9,7,5,2.3,10.0,2,6.0,5,9,1.2,2.8,8.0,1.4,MODERATE
10.1,55.8,7,9,8.8,3.1,3,8.2,23,5,6.4,5.5,4.8,9.9,MODERATE
11.6,59.4,7,4,3.7,3.5,3,6.5,7,10,6.3,4.7,5.2,1.2,MODERATE
9.6,55.3,2,1,5.1,9.7,1,8.2,24,8,4.4,4.5,6.0,1.5,MODERATE
8.4,55.8,31,1,5.7,2.6,0,5.3,16,4,7.7,6.8,4.3,3.9,MODERATE
8.5,43.1,64,3,8.7,5.6,2,5.1,9,9,4.9,6.2,5.7,8.5,MODERATE
8.8,48.4,0,2,9.4,3.2,0,5.8,23,3,7.1,6.8,5.1,3.3,MODERATE
8.9,47.6,1,3,9.4,9.4,2,6.0,4,5,5.7,6.2,6.5,5.2,MODERATE
10.8,57.6,29,1,1.1,9.8,2,8.0,18,3,3.2,2.6,7.0,1.2,LOW
9.1,59.1,59,5,9.3,8.3,2,6.9,10,7,6.5,6.3,4.9,1.7,MODERATE
10.8,61.0,13,4,1.5,3.8,4,5.5,9,6,7.6,4.6,4.9,6.5,MODERATE
8.8,51.0,15,10,3.4,4.6,2,6.5,2,4,9.8,6.6,3.1,2.7,MODERATE
9.2,57.4,31,4,5.6,3.2,2,5.9,21,9,4.4,4.8,5.8,7.2,MODERATE
4.0,30.0,11,3,5.3,9.0,0,5.5,23,5,1.6,3.3,7.8,8.1,LOW
11.3,63.8,0,5,6.4,9.2,3,6.4,9,10,9.9,7.2,3.0,8.7,MODERATE
9.9,55.9,46,2,5.3,4.8,0,6.3,1,6,6.6,5.8,4.5,2.2,MODERATE
11.5,66.5,34,3,9.4,6.9,3,5.5,27,1,9.5,7.5,3.1,5.1,HIGH
4.0,35.0,30,4,3.2,2.5,1,5.5,8,8,1.9,3.0,8.0,9.5,LOW
14.2,82.5,47,2,3.5,4.9,0,7.6,4,6,4.1,3.3,7.0,7.9,LOW
8.7,49.5,39,1,9.3,6.7,2,7.1,20,7,2.2,4.8,7.0,2.1,MODERATE
11.8,71.4,8,5,1.7,4.5,0,7.7,16,4,8.5,4.9,4.4,5.5,MODERATE
6.4,34.6,15,6,6.5,4.2,2,6.1,5,2,8.9,6.4,3.2,9.3,MODERATE
10.5,53.0,4,7,7.1,1.0,0,5.1,28,1,5.5,5.1,5.8,5.0,MODERATE
6.4,35.1,4,2,5.5,8.2,3,5.8,10,1,2.7,4.5,8.0,8.5,MODERATE
7.4,42.1,39,5,7.2,9.0,2,7.8,26,2,2.1,3.1,8.2,5.5,MODERATE
13.8,76.7,68,5,2.6,9.7,2,4.4,4,0,6.3,5.1,5.5,2.0,HIGH
8.5,51.7,115,7,8.7,7.5,1,8.4,6,0,5.6,5.3,6.0,2.3,HIGH
9.5,61.2,34,5,2.3,5.9,0,5.1,6,6,7.3,5.2,4.1,1.4,MODERATE
11.2,63.6,7,4,4.6,3.4,2,7.5,3,9,3.7,4.4,7.7,2.8,LOW
10.2,58.5,3,7,1.7,10.0,0,5.2,20,11,4.6,5.3,5.6,9.0,MODERATE
9.4,47.8,58,9,5.9,6.3,1,5.7,9,10,1.2,2.7,9.0,6.9,LOW
9.9,50.0,30,3,7.0,7.1,1,3.8,29,7,6.5,7.1,5.0,7.6,MODERATE
15.0,83.3,33,5,9.5,7.1,1,8.9,23,5,4.8,5.0,5.6,6.6,MODERATE
8.9,51.1,53,3,7.7,8.6,0,7.2,17,6,9.3,7.4,3.6,4.5,MODERATE
9.5,60.1,42,1,5.9,1.1,0,7.3,0,0,6.8,5.8,5.1,3.0,MODERATE
11.6,60.4,62,5,9.4,3.0,0,5.9,13,0,4.6,6.6,6.7,9.3,MODERATE
11.8,59.4,2,3,5.3,7.0,3,5.3,5,8,3.4,4.5,7.0,5.6,HIGH
12.0,66.7,48,4,6.1,9.1,0,7.5,10,4,9.1,5.8,3.7,5.3,MODERATE
10.6,56.6,66,6,6.4,7.2,4,4.9,13,6,1.1,4.4,7.9,10.0,LOW
6.1,31.2,11,3,4.7,4.7,0,6.3,19,5,3.9,4.1,5.9,4.5,MODERATE
13.1,76.4,35,4,8.5,4.3,0,4.9,28,3,9.5,7.8,2.8,8.7,HIGH
6.1,32.2,13,8,2.7,7.6,1,6.7,25,0,6.9,4.3,5.1,8.8,MODERATE
9.8,58.1,110,6,6.0,7.7,0,4.0,2,3,5.8,6.4,5.3,3.1,HIGH
7.1,39.7,1,2,7.5,6.5,1,4.6,15,9,2.8,5.8,6.1,1.9,MODERATE
8.8,46.6,30,3,9.1,3.6,3,5.4,15,9,8.5,6.9,3.6,9.8,MODERATE
9.8,54.7,6,6,9.0,9.3,0,7.3,6,7,2.8,4.9,7.4,4.8,MODERATE
9.8,61.0,43,1,5.6,6.0,2,5.8,7,11,3.2,4.0,7.5,1.0,MODERATE
10.1,56.4,6,2,6.8,8.1,1,7.8,26,10,2.7,3.0,6.8,5.5,MODERATE
13.0,76.3,9,4,4.5,2.9,0,8.5,27,0,2.4,2.8,8.3,6.6,LOW
10.1,52.4,23,0,5.2,4.1,0,6.1,3,1,9.6,6.2,3.2,8.0,MODERATE
8.4,53.6,86,2,9.2,8.9,3,4.6,11,7,6.4,6.2,4.8,9.5,MODERATE
11.4,60.6,8,4,9.4,1.5,0,7.8,11,1,6.7,5.8,3.7,9.2,MODERATE
12.0,70.2,5,7,9.1,5.6,3,4.5,30,10,9.6,7.7,3.6,9.5,HIGH
5.9,38.0,49,3,2.2,5.3,1,5.3,9,11,3.1,3.0,7.6,1.3,MODERATE
10.5,66.4,24,3,8.7,7.8,0,4.3,11,9,1.1,4.1,7.5,7.4,LOW
10.8,59.8,84,3,9.5,3.5,1,7.8,10,8,6.4,5.9,5.2,3.0,MODERATE
8.3,42.5,5,6,4.3,3.0,2,7.2,10,2,5.6,4.0,6.2,2.7,MODERATE
12.4,62.3,36,5,5.7,9.3,2,8.6,14,2,5.3,4.4,6.6,8.2,MODERATE
8.6,55.4,9,4,8.0,6.1,1,5.9,5,5,1.6,4.6,7.7,4.8,MODERATE
9.3,54.4,5,2,6.1,1.9,3,5.4,28,2,5.1,5.4,5.8,9.2,MODERATE
8.6,54.6,40,5,9.9,2.7,0,5.8,26,8,3.6,5.6,6.2,1.4,MODERATE
9.0,48.5,31,6,5.1,10.0,3,4.8,10,10,3.5,4.4,7.2,8.2,LOW
6.3,36.7,49,2,7.4,2.8,2,8.4,30,7,3.0,3.5,7.1,2.2,MODERATE
5.4,30.0,12,4,8.1,6.5,2,9.5,1,3,4.0,3.8,6.4,2.6,MODERATE
13.0,79.4,20,2,5.4,4.8,2,5.6,23,5,4.2,5.0,6.4,5.3,MODERATE
6.9,44.5,18,3,8.7,9.0,1,7.3,21,7,3.8,4.1,6.3,4.6,MODERATE
6.5,46.5,144,6,5.9,7.8,2,6.3,26,3,9.8,6.8,3.9,5.4,HIGH
4.0,30.0,12,3,4.7,6.4,1,7.1,8,4,9.4,5.9,4.5,9.5,MODERATE
7.4,46.2,12,1,2.0,1.1,1,7.9,10,6,6.2,4.0,5.5,6.9,LOW
5.7,38.7,15,3,4.5,8.9,1,5.0,15,7,9.8,6.1,2.6,3.6,MODERATE
13.1,70.3,29,7,7.6,5.0,0,5.9,12,6,9.9,7.5,3.0,2.6,HIGH
11.5,70.2,10,6,9.3,9.4,1,8.1,12,7,4.2,5.2,6.1,4.8,MODERATE
7.3,50.7,86,1,3.3,5.5,0,7.2,21,3,5.0,2.9,7.2,5.1,MODERATE
14.6,86.3,10,3,4.2,7.2,0,6.9,21,0,9.6,5.5,3.2,6.4,MODERATE
11.5,68.6,79,7,2.4,1.6,1,7.2,27,5,6.5,4.1,5.8,3.4,MODERATE
8.2,45.2,3,4,7.2,7.7,3,7.3,17,4,2.9,4.4,7.3,7.9,MODERATE
4.0,30.0,37,3,9.6,4.0,1,8.0,20,10,7.2,6.5,4.1,1.9,MODERATE
14.7,88.0,83,0,6.8,4.2,2,7.5,24,3,2.9,4.2,7.4,6.0,MODERATE
5.5,30.0,6,6,6.6,2.1,0,6.4,0,1,4.1,4.2,7.1,6.6,MODERATE
4.9,35.2,120,4,6.0,2.3,1,7.0,19,0,3.0,3.1,7.6,2.9,MODERATE
11.6,68.6,21,6,1.8,2.7,0,6.4,9,8,3.2,2.9,7.6,8.4,LOW
15.1,84.8,101,6,7.6,4.0,0,5.5,25,11,1.0,3.4,8.0,6.5,HIGH
12.5,77.4,39,2,6.4,9.0,1,6.4,29,1,8.9,6.1,4.3,6.8,MODERATE
10.4,56.7,12,5,7.0,4.3,1,6.4,18,8,3.7,5.1,7.1,5.5,MODERATE
10.5,57.6,7,4,9.1,7.5,0,4.3,16,5,1.8,5.3,7.3,9.2,MODERATE
11.1,56.7,12,6,8.1,1.7,1,7.5,0,5,1.8,3.6,8.0,7.2,LOW
10.9,61.1,3,4,8.0,6.3,3,7.7,30,1,6.0,5.1,6.2,4.4,MODERATE
9.7,52.4,5,4,9.3,5.3,0,7.2,0,5,9.9,7.9,2.1,3.1,HIGH
9.3,51.7,3,2,9.9,9.8,0,7.7,16,2,2.3,4.7,7.7,1.6,MODERATE
8.8,56.5,19,5,6.2,8.6,2,6.3,14,6,1.9,3.1,7.8,2.5,MODERATE
7.1,49.5,55,5,2.0,5.1,0,5.8,28,9,4.9,2.8,7.6,9.9,LOW
8.3,44.3,5,3,5.1,8.0,4,7.7,1,3,6.1,5.6,5.3,4.7,MODERATE
4.8,30.0,4,4,8.1,2.7,1,5.1,10,8,3.6,4.7,7.4,9.1,MODERATE
8.8,57.9,36,5,1.2,6.1,1,5.1,20,4,3.7,3.6,6.7,2.5,MODERATE
6.5,33.4,7,6,1.5,1.7,1,7.1,1,11,4.8,4.0,5.8,4.8,MODERATE
6.2,32.4,3,5,1.6,4.1,1,7.0,19,9,3.8,3.0,7.1,9.6,LOW
9.4,49.4,6,7,7.6,3.0,0,7.7,8,2,9.2,6.3,3.6,1.8,MODERATE
12.5,71.4,90,5,5.5,7.5,3,4.3,18,0,1.4,3.2,8.1,6.3,HIGH
11.3,58.8,60,2,4.3,5.4,1,6.4,1,0,3.1,2.9,8.0,9.3,MODERATE
5.1,40.0,15,7,2.0,7.8,0,5.0,15,3,8.3,5.6,4.1,9.5,MODERATE
6.5,39.2,37,1,7.6,5.6,1,7.6,19,9,8.5,7.1,2.6,8.6,MODERATE
11.4,64.5,26,5,3.9,1.8,0,8.2,8,9,2.0,2.3,8.6,8.7,LOW
6.5,36.2,39,6,3.4,7.6,0,7.2,19,3,9.8,5.5,3.0,6.9,MODERATE
8.4,49.1,40,4,6.9,8.5,1,5.8,30,8,7.2,6.6,4.2,3.0,MODERATE
10.4,61.9,34,4,6.0,9.1,1,5.5,27,7,3.5,4.2,7.8,7.6,LOW
6.6,44.3,10,4,4.3,6.1,1,6.0,20,3,5.1,4.7,6.9,9.8,MODERATE
9.3,57.8,1,0,6.8,7.8,0,5.4,3,5,3.7,4.9,6.4,5.7,MODERATE
5.7,37.2,21,6,3.4,7.8,1,6.3,28,6,2.4,2.9,8.2,3.3,MODERATE
7.5,51.1,77,3,8.2,2.4,0,5.5,23,9,3.6,5.2,6.4,6.2,MODERATE
9.8,61.3,29,3,3.1,2.5,1,4.7,29,7,6.2,5.9,5.0,7.2,MODERATE
5.0,36.4,62,5,2.4,1.6,1,7.0,12,3,8.4,5.3,3.9,2.9,MODERATE
10.1,51.3,167,5,8.0,3.9,2,7.1,14,0,4.3,5.5,5.3,7.5,MODERATE
9.0,45.1,6,3,7.4,5.3,3,8.7,30,4,4.1,3.8,6.9,6.3,MODERATE
10.4,55.2,41,2,2.6,10.0,3,5.9,19,0,5.2,4.6,6.2,6.5,MODERATE
9.6,58.0,39,3,2.0,4.9,5,4.0,1,10,6.8,5.4,4.6,3.8,MODERATE
12.4,68.2,136,3,8.5,7.5,4,7.6,27,10,7.8,5.6,5.0,2.4,MODERATE
9.3,52.5,148,4,8.0,7.2,2,7.7,19,3,3.9,4.9,6.4,6.6,MODERATE
7.9,52.8,40,1,3.9,2.8,4,8.0,17,6,6.3,4.0,5.3,6.3,MODERATE
9.3,59.9,9,6,6.9,1.5,3,8.4,24,6,4.5,3.6,6.9,4.0,MODERATE
10.4,65.6,56,6,2.1,5.9,2,8.4,26,0,7.4,4.1,4.3,3.7,MODERATE
9.1,50.2,3,5,5.6,7.3,0,5.2,29,8,2.5,4.4,7.9,4.1,MODERATE
9.1,55.9,53,5,1.2,10.0,0,8.5,23,1,3.3,2.2,7.5,5.4,LOW
7.2,40.1,84,3,4.5,4.2,2,6.1,8,4,4.8,4.4,6.8,9.8,MODERATE
7.3,39.4,16,1,1.7,9.1,1,7.5,19,5,9.0,4.7,4.7,7.9,MODERATE
5.5,30.3,34,0,5.3,4.4,2,6.8,0,0,6.2,6.3,5.3,8.7,MODERATE
13.4,72.1,19,3,4.8,7.2,1,5.2,2,11,9.7,6.2,2.9,5.6,HIGH
5.9,35.9,20,1,5.0,6.4,1,8.0,22,1,1.9,3.3,7.4,5.7,LOW
7.3,49.0,13,4,1.4,1.5,2,5.9,16,6,5.1,3.7,5.6,2.8,MODERATE
7.2,37.8,50,1,4.3,1.7,3,8.9,10,5,4.8,3.1,7.2,7.5,LOW
11.2,67.0,96,4,7.8,1.2,0,5.5,23,5,6.4,6.2,4.9,4.8,HIGH
8.3,49.5,98,5,4.3,4.3,3,5.2,24,5,8.3,5.4,3.9,7.7,MODERATE
12.1,64.8,6,7,7.4,7.7,2,5.6,7,6,8.6,6.7,3.6,4.7,MODERATE
7.3,43.9,72,7,4.3,2.6,1,8.4,20,9,7.0,4.5,5.7,2.0,MODERATE
9.7,53.0,46,4,4.8,6.5,1,4.5,11,11,6.8,5.0,5.5,2.6,MODERATE
6.9,43.4,10,3,6.1,3.6,0,7.7,10,11,9.5,6.6,3.5,8.3,MODERATE
14.4,78.5,2,3,9.6,8.2,0,8.9,29,8,4.5,4.5,6.7,3.3,MODERATE
6.0,32.5,10,5,2.0,8.2,1,6.3,27,8,8.5,4.4,4.5,3.4,MODERATE
9.8,50.7,85,7,1.3,8.0,0,6.0,12,1,9.3,4.8,4.1,9.4,HIGH
10.6,61.2,35,2,6.5,5.7,0,6.6,14,1,5.4,6.2,5.6,6.9,MODERATE
10.0,63.5,44,5,9.5,3.6,2,5.0,24,4,7.6,6.4,4.3,2.0,MODERATE
8.5,47.7,10,7,9.9,8.3,1,9.5,19,9,4.4,5.1,6.6,2.3,MODERATE
8.7,54.5,44,4,5.4,2.7,1,7.4,24,6,2.4,3.0,8.1,3.5,MODERATE
9.1,55.4,0,2,5.2,3.6,0,4.9,16,11,6.3,5.4,4.8,6.3,MODERATE
8.6,57.0,16,5,6.8,2.7,2,5.5,11,11,2.8,4.8,7.4,7.8,MODERATE
11.4,69.3,34,5,6.0,7.1,3,6.7,26,2,5.1,5.1,6.0,3.5,MODERATE
14.5,81.0,5,3,6.7,7.2,1,4.8,18,2,8.9,6.8,3.8,8.8,HIGH
7.6,47.9,60,8,8.9,6.9,3,4.5,19,3,1.8,4.4,7.7,2.0,HIGH
5.6,41.5,9,2,7.7,4.7,2,6.9,10,2,1.3,4.1,8.5,2.9,MODERATE
8.8,50.0,36,4,5.5,1.9,2,7.8,9,2,6.5,5.2,5.2,9.7,MODERATE
15.4,81.9,18,4,5.2,9.2,2,7.7,16,7,4.0,3.7,7.3,2.2,MODERATE
7.0,35.2,31,6,6.8,5.6,0,6.4,27,6,4.8,5.3,5.8,9.0,MODERATE
13.1,77.9,3,4,5.1,4.7,0,6.1,21,6,4.7,4.4,6.1,7.3,LOW
13.2,78.0,0,1,5.1,6.3,0,6.6,12,9,1.8,2.9,8.5,1.7,MODERATE
7.6,39.6,84,2,1.1,2.7,0,7.8,15,1,1.0,1.4,8.9,5.4,LOW
10.4,60.7,10,6,2.6,2.2,0,4.9,30,10,9.1,6.2,4.7,5.7,MODERATE
13.1,72.5,59,5,5.4,4.6,3,5.5,19,8,3.0,4.3,7.5,9.4,HIGH
8.1,42.3,180,8,8.4,3.0,0,6.0,19,5,4.8,5.9,5.8,4.8,MODERATE
8.5,57.2,8,4,3.5,3.2,4,6.2,16,2,9.7,5.7,3.8,5.0,MODERATE
7.5,40.7,10,4,5.7,9.0,1,6.4,4,8,8.4,6.9,3.5,2.0,MODERATE
6.5,33.5,38,4,4.1,5.8,0,6.5,8,8,2.0,2.9,8.6,6.8,LOW
7.4,45.9,117,3,1.9,5.4,1,7.4,21,5,5.6,3.5,6.6,2.9,MODERATE
5.9,40.6,86,3,9.6,7.2,0,4.2,30,9,7.6,7.0,4.7,1.7,MODERATE
9.1,46.0,24,7,8.7,9.6,5,4.4,23,5,7.3,7.1,4.0,10.0,MODERATE
7.1,45.4,55,3,1.7,2.0,2,5.6,26,7,7.8,5.2,3.9,3.4,MODERATE
9.6,56.0,5,3,7.5,8.5,0,7.6,3,7,5.1,5.4,5.5,2.3,MODERATE
5.1,30.0,132,6,4.1,6.3,3,5.7,8,5,2.6,4.3,7.3,7.3,LOW
9.8,51.6,116,3,10.0,2.3,2,6.4,15,6,5.2,6.4,6.3,8.4,MODERATE
11.1,64.0,6,3,3.7,3.7,0,6.7,6,3,6.8,5.0,6.2,1.6,MODERATE
4.0,30.0,12,2,3.1,5.3,2,6.9,13,0,6.5,4.2,5.7,1.9,MODERATE
9.9,63.6,3,5,6.1,7.2,1,8.5,13,3,1.6,2.6,8.4,1.8,MODERATE
12.1,72.8,11,5,8.5,3.2,0,7.4,6,7,1.6,4.5,7.7,1.4,MODERATE
6.0,44.8,59,6,2.7,5.8,2,7.8,23,11,9.7,5.8,3.8,6.9,MODERATE
13.2,69.9,16,3,7.4,7.2,0,6.3,15,7,2.4,3.8,8.8,6.3,MODERATE
10.0,64.5,3,6,1.6,5.0,1,8.4,17,1,3.7,2.8,8.2,7.0,LOW
7.2,42.5,14,2,9.3,8.8,0,6.6,27,6,7.9,7.3,4.4,5.6,MODERATE
8.9,49.7,139,4,1.7,8.8,4,4.0,5,0,4.7,3.6,7.1,8.4,MODERATE
10.4,52.8,34,9,9.2,5.2,2,9.5,6,1,2.6,4.2,7.9,5.9,MODERATE
9.2,46.8,18,4,5.4,9.8,0,6.6,18,7,5.2,4.2,6.1,9.3,LOW
10.3,61.9,6,4,5.0,1.7,1,7.2,7,10,6.1,3.6,5.5,5.4,MODERATE
6.7,40.4,149,1,9.8,1.0,0,5.1,0,9,5.1,6.4,5.5,8.1,MODERATE
9.4,50.4,60,0,9.9,4.4,2,9.4,16,3,9.3,7.0,3.5,4.7,MODERATE
5.5,36.7,11,4,6.9,6.4,0,5.5,25,2,3.6,4.8,6.0,4.9,MODERATE
8.7,47.3,2,2,2.1,6.7,2,6.0,18,1,7.0,6.1,4.6,8.6,MODERATE
6.7,42.2,2,4,5.6,5.3,3,4.5,21,10,2.0,4.3,7.3,2.0,MODERATE
7.2,41.4,4,2,5.8,2.1,2,7.0,6,5,4.5,4.5,6.9,6.1,MODERATE
12.1,72.9,30,3,5.6,2.5,0,6.1,17,3,7.7,6.1,4.0,7.5,MODERATE
11.7,70.8,92,4,6.1,8.7,1,4.5,29,2,3.0,4.5,7.3,7.8,HIGH
10.5,59.7,24,4,1.2,8.8,1,6.4,5,2,6.3,4.4,5.2,6.3,MODERATE
6.3,36.8,64,4,7.4,7.1,1,6.6,27,9,2.4,4.4,8.3,5.0,MODERATE
8.2,46.4,20,4,7.4,7.0,2,6.2,20,2,1.9,4.3,6.9,3.3,MODERATE
12.0,72.1,43,4,2.0,6.4,1,4.1,30,11,5.7,4.3,6.1,9.2,HIGH
9.4,51.9,46,6,6.1,2.8,1,6.9,5,7,7.1,4.8,4.4,4.3,MODERATE
14.8,77.1,6,5,6.1,4.9,3,4.9,0,8,2.0,3.9,7.6,8.2,HIGH
10.0,51.3,15,4,7.1,7.3,0,7.7,29,8,9.3,6.7,3.4,1.3,MODERATE
9.5,54.5,35,6,1.8,5.8,1,5.8,9,4,3.0,2.8,7.8,3.1,MODERATE
8.2,48.2,2,2,6.6,1.2,2,7.7,22,0,2.1,3.7,8.0,4.1,MODERATE
9.3,59.1,15,6,3.5,9.6,0,6.5,7,9,2.8,3.1,7.7,7.0,LOW
8.6,46.3,26,4,5.6,8.6,2,6.6,29,4,2.5,3.9,7.3,3.9,MODERATE
10.8,59.7,180,2,8.0,3.3,2,8.2,6,0,1.8,3.2,8.1,1.4,MODERATE
11.4,69.1,22,10,7.4,6.5,2,5.4,8,8,8.2,7.0,3.8,2.6,HIGH
7.0,47.4,59,4,2.1,9.3,0,5.1,0,9,5.5,4.0,6.1,3.3,MODERATE
5.7,34.3,19,5,6.3,1.9,0,7.2,25,7,4.5,3.8,6.6,2.6,MODERATE
4.4,30.0,55,6,9.7,5.5,1,4.8,24,6,9.6,8.2,3.1,2.8,HIGH
10.3,56.0,31,5,2.4,5.1,0,5.5,10,1,4.3,4.6,6.5,7.9,MODERATE
6.2,45.0,76,2,8.7,4.7,4,4.4,26,1,2.5,4.6,7.5,4.7,MODERATE
4.0,30.0,18,1,7.3,8.5,2,8.0,28,3,3.5,4.2,6.8,4.6,MODERATE
10.0,64.0,32,4,8.0,4.4,0,5.2,30,8,3.2,5.5,6.2,9.7,MODERATE
15.2,86.3,34,4,3.5,1.6,3,5.6,2,8,5.5,5.7,5.6,5.0,MODERATE
9.0,53.0,18,7,3.6,1.6,2,4.8,17,7,3.6,3.8,7.7,9.3,LOW
11.1,56.0,5,2,9.2,1.4,0,6.0,5,10,5.6,5.9,5.7,3.7,MODERATE
9.2,53.1,3,1,4.2,4.7,1,6.3,10,4,7.0,4.6,4.7,4.6,MODERATE
8.8,50.1,0,6,1.6,7.5,0,7.6,4,6,8.0,5.0,4.9,4.6,MODERATE
11.3,58.9,72,3,6.4,2.8,4,4.8,30,11,7.4,6.0,4.3,5.9,HIGH
8.3,51.3,9,1,2.1,6.8,1,5.7,19,8,2.9,2.9,8.0,6.3,MODERATE
9.7,63.1,8,3,8.2,7.2,3,8.3,3,2,2.0,2.8,8.0,3.2,MODERATE
9.8,57.4,46,4,6.8,3.3,1,7.9,7,3,5.9,5.5,5.6,8.1,MODERATE
7.3,47.2,13,1,8.9,6.4,3,5.6,9,1,2.8,5.7,6.6,5.5,MODERATE
11.5,58.5,24,3,8.1,7.2,0,6.4,28,8,1.8,4.7,7.4,1.1,MODERATE
8.6,49.3,6,5,2.0,5.2,5,9.1,2,6,5.7,2.3,5.7,6.3,MODERATE
7.1,37.2,112,1,4.4,4.0,3,4.9,12,5,3.9,4.7,6.9,8.2,MODERATE
10.3,60.7,66,2,8.0,6.6,1,4.0,16,4,7.8,6.5,4.3,3.3,MODERATE
6.8,48.1,69,5,4.8,9.8,2,5.8,4,11,3.8,4.2,7.1,1.3,MODERATE
9.1,55.4,18,7,9.8,4.8,2,6.4,7,6,9.8,8.0,2.8,8.3,HIGH
9.0,46.2,50,6,7.6,4.5,3,5.5,18,2,7.8,6.9,3.6,9.8,MODERATE
11.7,63.8,5,1,1.1,5.2,1,7.8,17,4,1.5,1.9,9.2,1.7,LOW
10.2,59.3,0,2,8.9,1.7,1,6.8,0,1,5.6,5.9,5.9,9.4,MODERATE
8.9,50.5,0,2,1.9,6.0,3,5.7,28,4,6.1,3.3,5.6,4.2,MODERATE
11.0,67.5,30,2,2.3,4.0,2,5.8,3,6,7.3,5.1,5.1,9.5,MODERATE
12.5,74.7,21,8,7.6,2.1,1,5.5,26,10,5.5,5.9,5.9,6.8,HIGH
10.4,61.2,25,7,8.8,5.2,2,7.6,17,9,5.4,5.1,5.5,9.0,MODERATE
9.0,50.6,0,2,5.8,1.0,0,5.9,13,10,4.3,3.9,6.5,8.1,LOW
5.7,32.3,19,2,3.6,4.6,2,4.9,23,6,3.4,4.7,7.2,1.3,MODERATE
6.3,33.1,44,4,4.2,2.0,0,7.8,10,8,9.5,6.3,2.6,1.6,MODERATE
8.2,46.3,20,7,4.1,1.2,0,6.1,28,2,3.9,4.3,6.2,5.7,MODERATE
7.5,43.7,46,8,3.9,8.4,1,4.7,30,7,1.6,3.1,7.8,2.2,MODERATE
8.5,52.6,9,3,3.2,9.2,1,8.7,25,4,2.5,1.1,7.5,5.1,LOW
9.1,55.4,58,4,6.5,2.9,1,7.3,27,6,8.7,6.6,4.2,9.6,MODERATE
10.3,52.6,31,2,9.1,5.9,1,6.6,8,0,6.3,6.5,3.9,3.7,MODERATE
8.8,49.9,8,3,3.8,3.5,1,6.2,12,0,8.0,5.3,4.6,5.4,MODERATE
10.2,53.7,9,3,2.7,5.4,0,6.1,25,3,8.3,5.9,4.5,4.5,MODERATE
9.2,48.4,34,7,8.5,4.9,2,6.1,16,4,8.4,7.5,3.4,6.7,HIGH
4.1,32.9,62,2,7.7,3.4,1,6.1,14,9,6.0,6.0,4.9,2.7,MODERATE
6.7,34.1,18,6,9.4,7.3,1,5.7,1,2,2.6,5.2,7.3,3.3,MODERATE
8.6,49.3,10,2,2.5,2.1,1,6.4,5,5,2.3,2.8,8.0,8.7,LOW
6.0,32.5,70,2,2.3,1.5,3,5.7,28,2,6.2,4.8,6.0,8.3,MODERATE
10.5,65.7,38,3,5.9,7.9,2,6.8,25,4,4.3,4.0,5.3,8.1,MODERATE
12.8,72.4,20,7,6.5,7.0,0,6.5,27,10,6.0,5.6,4.9,7.9,MODERATE
12.0,63.5,23,3,5.3,5.5,2,5.6,6,0,5.5,4.6,6.2,5.1,MODERATE
8.5,50.0,7,2,6.4,5.2,5,6.4,1,2,6.4,6.2,5.0,7.6,MODERATE
12.7,74.5,34,6,2.6,5.5,1,7.2,23,6,1.3,2.4,9.0,4.5,LOW
9.4,61.4,15,0,5.3,4.9,4,3.6,12,2,1.3,3.7,8.4,1.9,MODERATE
8.2,44.3,180,2,6.9,4.5,1,7.3,9,4,7.5,5.9,4.4,4.5,MODERATE
7.5,50.8,22,3,4.9,5.5,1,4.9,15,6,2.7,3.7,7.4,2.4,MODERATE
8.2,55.0,23,3,7.1,5.8,1,5.9,8,1,6.9,6.9,5.6,4.5,MODERATE
8.0,53.7,29,1,5.1,7.2,2,3.0,7,2,5.9,6.8,5.8,3.7,MODERATE
9.4,56.5,87,4,4.0,7.4,0,7.2,24,3,9.8,6.3,3.5,6.4,MODERATE
9.4,56.4,56,5,3.7,4.4,0,5.5,14,4,8.5,6.6,3.8,4.3,MODERATE
9.0,51.0,20,3,4.7,4.7,0,5.9,21,11,4.7,4.6,6.5,7.4,MODERATE
10.1,61.8,44,1,1.2,4.4,0,6.6,26,8,6.5,4.4,5.8,5.6,MODERATE
12.0,68.0,30,4,7.0,5.8,1,3.9,6,8,2.1,5.4,7.5,9.3,HIGH
11.4,67.2,23,5,8.6,5.1,1,6.6,21,3,4.5,5.4,5.8,1.8,MODERATE
5.3,32.9,7,5,4.2,9.0,0,7.3,22,8,7.6,5.1,5.6,7.2,MODERATE
4.0,31.0,21,0,1.4,7.3,5,6.7,18,3,6.6,4.5,5.5,7.1,MODERATE
11.3,68.9,9,7,9.9,9.1,0,6.0,3,1,5.4,6.7,6.3,9.6,MODERATE
5.6,30.2,86,4,3.4,7.4,1,6.6,8,9,2.6,2.7,8.0,4.3,MODERATE
8.4,54.5,14,1,2.1,9.7,0,6.4,18,0,8.2,3.9,4.6,3.7,MODERATE
6.1,38.6,106,8,4.3,6.7,0,7.5,1,6,3.5,3.4,7.9,2.6,LOW
4.5,35.2,26,3,7.6,9.7,0,8.1,27,3,8.4,5.2,4.4,3.4,MODERATE
10.4,58.5,34,1,3.6,2.4,1,6.0,28,11,6.5,4.4,5.5,5.5,MODERATE
10.9,60.2,27,2,6.2,1.5,2,6.8,26,7,4.4,4.1,6.0,8.5,LOW
7.6,51.7,4,7,4.7,6.2,0,5.6,6,7,1.4,3.0,8.7,3.6,MODERATE
4.0,30.0,16,4,2.1,9.9,1,7.0,21,11,3.1,3.2,7.2,2.4,LOW
7.6,50.7,3,4,4.0,4.8,0,7.1,18,7,9.0,6.2,3.4,3.4,MODERATE
10.0,57.3,34,3,7.5,2.9,2,6.3,5,5,8.4,7.0,3.5,1.9,MODERATE
5.3,34.2,20,2,6.5,5.7,2,7.2,14,8,6.2,5.6,5.4,9.3,MODERATE
9.5,52.1,52,5,2.1,6.8,0,6.5,6,3,5.2,4.1,5.4,8.9,MODERATE
9.0,53.6,8,2,2.5,3.8,1,6.4,5,4,6.8,3.3,5.5,3.8,MODERATE
10.4,56.9,6,4,6.8,7.4,4,5.4,0,3,5.2,5.5,6.2,3.2,MODERATE
9.3,47.1,18,6,8.3,9.8,1,6.7,27,4,6.8,5.3,4.4,9.1,MODERATE
6.6,37.1,91,3,4.1,9.1,1,5.7,13,1,3.8,4.3,6.9,1.0,MODERATE
12.0,60.1,43,5,6.4,3.6,1,7.6,0,4,8.5,5.0,3.9,6.4,MODERATE
8.6,57.7,19,3,2.5,3.9,1,5.4,24,9,7.3,5.0,4.6,9.2,MODERATE
8.9,59.0,25,4,3.8,4.3,4,6.8,5,7,4.0,4.0,7.6,5.6,MODERATE
6.7,39.4,3,2,1.2,4.6,5,6.2,27,8,8.5,4.3,3.6,1.0,MODERATE
7.9,50.4,146,8,7.9,1.9,2,6.8,17,6,5.4,6.0,5.9,3.0,MODERATE
6.8,39.2,38,4,4.6,7.9,1,6.4,30,6,2.6,3.8,7.3,9.3,LOW
8.6,53.1,11,5,8.3,4.3,1,5.4,26,5,1.7,4.7,7.5,1.2,MODERATE
13.3,78.6,30,3,7.4,8.9,1,7.9,16,1,7.3,6.1,4.0,4.6,MODERATE
5.6,42.2,4,4,8.5,9.3,5,5.3,26,9,8.8,7.3,3.8,8.1,MODERATE
5.0,31.0,118,6,3.6,1.2,2,7.3,27,11,8.3,5.3,4.2,8.5,MODERATE
12.7,75.2,6,3,2.7,9.9,1,4.3,1,10,6.9,5.3,4.8,5.3,HIGH
8.5,46.5,36,5,9.7,7.4,0,6.1,7,9,2.3,5.0,7.4,3.1,MODERATE
7.3,51.4,9,6,7.5,5.7,1,8.5,20,8,1.8,3.1,8.1,6.4,MODERATE
11.6,58.4,44,4,8.5,4.5,5,6.1,22,4,4.1,4.7,5.5,3.4,MODERATE
7.5,46.6,52,3,1.1,5.7,1,6.6,22,5,8.7,4.7,4.0,3.3,MODERATE
13.6,77.9,39,5,4.2,3.9,0,8.6,1,0,9.7,5.4,4.0,8.3,MODERATE
10.7,63.8,33,2,7.7,6.6,0,6.3,15,4,3.2,4.3,6.4,2.4,MODERATE
7.8,40.8,78,7,1.7,1.8,1,6.8,3,5,7.9,5.1,4.0,1.0,MODERATE
14.4,86.1,2,4,6.1,6.6,3,7.3,1,9,6.2,4.5,5.3,4.0,MODERATE
7.5,40.2,14,3,4.9,3.5,5,4.7,22,10,1.3,3.5,7.9,5.4,MODERATE
10.9,63.8,9,2,1.2,1.2,3,5.9,4,1,5.9,4.5,5.7,7.3,MODERATE
9.7,51.8,154,2,3.1,6.0,2,6.7,16,6,8.3,5.7,3.6,8.0,MODERATE
12.3,66.1,17,2,3.6,6.2,1,4.4,1,3,3.5,4.8,6.6,7.0,HIGH
12.9,72.7,46,0,2.0,4.8,1,8.3,21,4,9.1,4.5,4.1,6.6,MODERATE
9.1,51.8,40,5,6.7,1.7,1,7.5,13,2,3.1,4.4,7.5,7.0,MODERATE
7.1,37.9,8,4,3.2,9.0,2,7.3,19,4,1.7,1.9,9.2,3.4,LOW
10.1,53.1,9,1,3.5,6.5,1,8.2,6,11,2.4,2.4,7.9,4.4,LOW
7.3,42.8,11,3,9.1,2.0,2,7.4,14,3,8.5,6.8,4.7,6.5,MODERATE
14.0,81.4,18,9,5.2,5.6,0,6.2,17,11,4.8,4.3,6.2,1.6,MODERATE
9.3,60.0,9,3,4.5,5.5,0,4.4,12,9,8.2,6.1,4.5,3.7,MODERATE
8.1,41.8,0,5,7.5,1.5,2,5.6,11,5,5.8,5.6,6.4,4.7,MODERATE
9.5,53.4,74,7,9.2,6.5,3,5.7,1,1,5.3,5.7,5.7,5.8,HIGH
5.6,30.0,117,6,1.2,8.3,1,7.3,11,2,8.3,4.9,3.7,5.4,HIGH
6.6,33.2,14,4,5.0,7.7,0,6.6,5,11,4.8,4.3,6.4,7.5,LOW
12.0,69.9,14,4,6.5,2.8,3,4.5,23,9,8.2,7.0,3.5,5.3,HIGH
7.4,46.0,0,6,3.9,8.8,2,7.6,28,0,1.9,2.7,8.1,9.1,LOW
6.4,34.4,39,3,8.0,4.1,1,8.2,0,6,6.7,5.6,6.0,4.4,MODERATE
10.3,55.0,61,2,9.7,9.5,1,8.4,20,8,7.3,6.4,3.8,5.7,MODERATE
12.0,60.4,5,4,9.5,1.6,1,5.0,0,1,9.1,7.8,3.3,1.0,HIGH
10.8,66.5,6,0,3.4,5.4,1,6.9,14,6,3.0,3.9,6.9,3.8,MODERATE
11.5,72.1,54,5,3.0,6.4,3,5.2,26,2,6.4,5.3,5.1,8.8,HIGH
7.1,37.5,33,3,9.6,3.2,0,9.0,15,4,4.9,5.1,6.4,4.0,MODERATE
5.4,30.5,1,5,5.1,7.9,0,6.5,21,5,4.4,4.1,6.7,3.3,MODERATE
12.8,77.0,34,4,2.9,6.6,0,6.0,6,7,2.0,2.8,8.0,5.9,MODERATE
8.2,54.9,12,1,7.4,1.2,1,5.8,21,3,2.2,4.6,7.2,1.7,MODERATE
8.4,48.3,16,9,3.6,6.5,0,6.9,13,1,8.5,6.2,4.0,5.8,MODERATE
12.3,62.3,51,4,3.4,5.4,0,7.2,28,2,7.7,4.3,5.7,3.7,MODERATE
10.4,52.6,58,2,8.9,2.8,0,4.4,24,7,4.4,6.4,5.4,4.4,MODERATE
10.1,59.1,17,6,2.5,10.0,0,8.3,18,6,8.5,5.2,5.1,8.1,MODERATE
14.4,77.9,102,5,1.6,9.1,1,7.1,23,5,1.7,1.3,9.4,7.0,LOW
7.4,37.4,18,6,3.4,3.6,0,8.3,18,4,6.6,4.1,6.2,5.0,MODERATE
11.3,65.2,51,6,6.5,5.9,1,8.7,26,10,8.8,5.3,4.2,6.2,MODERATE
9.1,45.7,23,5,2.1,3.8,1,6.4,30,4,8.5,5.3,4.7,7.9,MODERATE
9.7,60.3,79,2,5.2,8.0,0,7.6,27,0,4.4,3.9,6.1,7.7,MODERATE
12.8,68.6,83,2,6.6,9.4,1,5.8,28,5,7.7,6.3,3.9,2.7,MODERATE
10.3,52.1,3,4,8.6,4.2,5,5.9,28,8,4.8,5.5,6.3,3.7,MODERATE
10.3,60.3,96,4,3.1,8.3,3,8.5,22,7,8.6,5.2,4.3,4.1,MODERATE
11.7,64.5,61,8,8.4,5.5,0,5.5,29,11,5.8,6.3,5.1,2.7,HIGH
8.1,55.1,54,3,3.1,4.6,2,6.8,12,9,7.9,5.2,3.2,1.1,MODERATE
6.9,42.7,7,2,7.1,9.4,1,5.3,20,0,1.7,4.3,7.6,2.6,MODERATE
6.4,36.1,57,0,4.9,5.6,0,5.6,11,10,6.3,5.6,4.6,8.3,MODERATE
4.1,31.1,66,5,2.0,5.2,0,5.8,28,5,6.0,4.1,6.0,5.9,MODERATE
14.1,74.6,11,3,7.4,7.1,1,8.4,0,2,6.5,6.2,4.8,4.1,MODERATE
6.2,44.6,106,3,3.0,3.4,1,7.2,30,5,7.3,4.0,4.8,6.5,LOW
8.4,47.6,1,1,2.6,3.9,2,7.6,26,8,9.3,4.4,5.4,7.7,LOW
8.3,49.7,5,3,4.2,9.4,2,4.2,11,5,8.1,5.3,4.9,4.2,MODERATE
9.8,49.8,26,4,6.9,7.1,0,6.5,3,7,3.0,3.3,8.0,5.2,MODERATE
11.0,61.4,30,3,3.1,8.4,1,6.0,29,5,8.4,5.8,5.2,1.6,MODERATE
11.2,68.5,36,0,2.7,3.4,1,7.1,28,5,2.1,2.8,8.5,6.4,LOW
7.5,49.6,0,1,1.1,5.9,1,9.5,26,6,6.6,3.7,5.2,4.2,MODERATE
8.6,46.4,112,5,5.2,9.7,5,3.4,14,10,8.9,6.6,3.1,4.9,MODERATE
9.7,51.9,1,3,4.9,3.9,2,7.0,24,9,1.9,3.5,8.5,4.8,LOW
8.4,54.3,5,1,3.1,2.4,4,9.4,15,10,8.6,4.6,3.3,6.7,MODERATE
13.0,79.0,0,8,1.5,5.6,2,5.8,14,3,8.2,5.1,4.3,6.2,MODERATE
10.2,52.4,29,8,4.9,4.5,1,6.7,7,7,5.5,5.0,4.7,4.8,MODERATE
10.8,60.8,94,1,8.1,2.4,1,7.4,18,3,3.8,4.4,6.8,1.2,MODERATE
10.7,58.6,38,5,7.4,9.0,1,3.7,14,6,4.6,7.2,6.0,6.6,MODERATE
11.9,72.6,60,2,8.7,9.9,1,6.8,17,0,9.7,8.1,2.9,8.9,HIGH
9.5,48.8,0,7,1.1,6.1,2,5.5,10,11,2.8,2.5,8.3,7.9,LOW
5.8,32.2,27,1,9.7,8.0,1,9.2,8,8,6.2,5.1,6.4,9.8,MODERATE
10.0,61.3,21,3,4.1,8.7,0,6.2,0,9,1.7,3.0,8.2,2.3,MODERATE
7.4,37.8,24,7,9.9,7.3,2,5.6,8,8,3.0,5.6,8.2,3.0,MODERATE
7.7,45.9,2,6,3.3,1.4,3,7.6,27,6,7.9,5.4,4.5,5.9,MODERATE
10.5,59.1,40,2,5.2,2.4,1,7.1,22,7,3.7,3.3,7.6,3.1,MODERATE
12.1,65.5,24,3,4.2,1.6,2,7.7,11,1,9.9,6.1,2.9,1.3,MODERATE
9.1,51.4,50,4,4.2,1.1,0,9.0,1,9,5.5,3.0,7.2,4.6,MODERATE
9.8,56.9,23,3,8.6,3.8,1,5.7,10,11,5.6,6.3,5.8,3.6,MODERATE
13.3,68.9,5,4,7.7,4.5,0,8.7,20,9,1.3,3.2,9.1,3.4,MODERATE
9.6,56.6,36,2,9.9,3.2,0,8.9,13,6,9.6,8.1,2.8,9.6,HIGH
15.5,89.6,6,4,6.5,1.6,1,5.5,1,0,2.6,3.6,7.0,3.1,HIGH
10.4,63.4,72,3,5.2,5.8,1,5.6,14,2,5.8,5.9,5.6,2.2,MODERATE
4.6,30.0,33,6,1.8,3.5,2,6.6,20,5,4.6,2.5,6.1,2.1,MODERATE
10.9,56.7,5,7,10.0,8.2,3,6.2,22,4,4.7,5.4,5.9,8.3,MODERATE
10.0,54.0,114,3,6.0,1.1,0,8.7,20,4,6.8,4.1,5.5,7.4,MODERATE
12.2,66.4,25,4,7.3,8.6,2,5.4,17,8,7.0,6.5,5.7,2.2,HIGH
10.7,59.6,2,2,4.7,9.6,1,6.8,26,5,2.4,2.7,8.1,3.0,MODERATE
8.7,53.7,34,2,5.9,7.4,0,5.5,13,2,5.5,4.6,5.9,7.7,MODERATE
5.9,30.4,10,4,9.5,7.6,2,6.6,20,1,8.1,7.2,3.8,3.5,MODERATE
8.5,43.0,56,1,2.5,9.4,1,9.3,27,8,5.0,3.2,5.9,9.8,LOW
6.9,40.4,59,4,3.6,2.9,1,8.9,11,9,2.5,2.4,8.1,5.9,LOW
7.5,48.0,135,3,2.4,10.0,3,7.0,9,3,3.8,3.1,7.2,2.7,LOW
10.5,55.4,24,11,8.1,8.0,1,7.3,13,10,2.9,5.3,6.5,8.7,MODERATE
13.2,75.6,21,3,1.6,7.5,5,7.1,21,4,2.1,2.3,7.7,3.9,LOW
10.0,53.9,49,4,1.7,4.2,1,6.1,14,8,4.4,3.8,6.4,3.6,MODERATE
6.0,43.3,4,10,3.7,5.9,0,9.0,4,4,5.9,3.8,5.9,3.9,MODERATE
10.1,63.9,27,5,5.6,6.9,1,8.2,1,6,1.7,2.4,8.2,7.9,LOW
12.0,64.5,27,3,4.7,6.6,0,6.8,21,1,6.4,5.2,4.7,2.6,MODERATE
7.5,40.9,3,3,1.4,7.3,1,6.2,5,1,9.9,5.2,3.6,4.4,MODERATE
8.7,49.7,18,3,9.6,1.7,2,6.3,11,3,9.7,7.8,3.1,1.3,HIGH
9.0,48.6,67,3,9.6,4.2,1,6.9,1,7,8.5,7.4,3.6,8.4,MODERATE
7.0,45.1,67,3,3.5,4.9,0,6.5,28,1,3.4,2.5,7.3,4.1,MODERATE
10.6,65.4,3,1,7.6,3.3,1,8.0,28,9,1.2,2.6,8.9,3.2,MODERATE
8.7,53.6,3,4,6.2,2.6,0,7.1,3,6,8.5,6.6,3.7,6.2,MODERATE
10.0,62.4,10,6,3.1,2.3,2,5.3,6,0,1.5,2.6,7.9,7.3,MODERATE
6.8,40.0,72,3,3.4,4.3,2,5.0,15,8,2.9,3.4,8.0,8.3,LOW
7.9,41.8,4,4,5.4,5.4,4,7.8,0,9,5.9,4.7,5.8,4.1,MODERATE
10.8,65.1,44,3,4.8,1.6,0,5.0,0,5,2.6,3.8,7.5,8.3,LOW
8.1,45.9,3,4,3.6,9.5,1,6.0,13,10,8.5,5.9,3.2,5.2,MODERATE
13.3,76.6,34,4,8.3,7.9,1,5.9,10,0,8.0,6.9,3.6,1.9,MODERATE
8.0,44.1,15,6,5.3,7.6,3,4.9,11,9,7.8,6.3,5.2,8.6,MODERATE
9.6,49.2,54,3,6.9,2.6,1,6.9,10,5,8.3,6.0,3.3,5.9,MODERATE
11.3,71.4,9,6,2.7,6.4,0,6.3,5,4,3.0,3.2,7.4,6.4,MODERATE
5.5,30.0,35,3,5.8,5.8,1,5.7,22,11,7.6,6.6,4.2,9.4,MODERATE
4.6,37.8,9,0,3.9,9.8,2,9.2,11,4,4.2,2.8,7.2,6.0,MODERATE
5.2,40.7,43,6,5.7,7.7,2,3.3,20,4,7.0,7.0,3.7,1.1,MODERATE
12.2,72.9,72,4,8.0,6.2,3,5.4,30,3,2.1,4.6,7.7,8.8,HIGH
7.6,47.9,4,7,7.9,8.7,0,5.8,11,6,7.4,7.0,3.4,3.6,MODERATE
15.4,85.7,70,4,4.2,2.4,4,4.7,9,8,9.7,6.8,3.2,5.5,HIGH
7.6,51.0,31,7,7.2,1.1,0,9.4,7,3,1.4,2.9,8.1,2.8,MODERATE
9.5,51.8,4,1,9.5,7.2,5,9.4,26,1,1.8,3.9,7.5,3.7,MODERATE
12.9,71.5,19,2,6.6,1.9,3,5.6,19,1,2.1,4.7,8.0,7.2,MODERATE
14.0,79.3,6,1,2.3,2.0,2,8.1,18,1,4.9,3.3,6.4,4.9,MODERATE
14.2,77.2,42,4,7.1,7.7,2,7.3,6,6,3.6,4.6,7.1,6.6,MODERATE
12.0,66.4,49,7,1.9,3.4,0,8.7,13,3,8.3,4.1,4.9,8.4,MODERATE
11.6,63.0,3,2,8.8,6.7,0,6.4,3,3,5.3,6.6,6.0,4.1,MODERATE
10.5,61.0,24,2,5.6,9.3,0,7.1,0,0,5.4,5.0,5.2,6.1,MODERATE
10.9,67.3,58,9,4.5,3.8,0,8.3,26,3,7.5,4.9,5.2,8.0,MODERATE
7.6,41.0,96,4,1.5,3.0,1,8.1,7,5,4.3,2.7,7.0,7.4,LOW
7.0,49.0,25,3,4.4,2.0,0,6.7,4,1,4.2,4.5,6.4,5.9,MODERATE
9.0,55.3,105,9,9.1,2.2,3,5.3,28,3,7.8,7.0,3.4,4.5,HIGH
8.6,55.3,26,2,1.2,1.6,1,5.5,7,10,8.0,4.0,5.1,4.7,MODERATE
7.9,47.8,17,3,5.3,1.8,2,4.1,7,6,1.1,3.8,7.8,4.9,MODERATE
10.7,65.2,65,3,9.4,4.9,2,7.5,27,8,2.3,5.1,7.6,4.1,MODERATE
11.4,57.2,23,2,4.6,3.9,1,6.8,20,1,2.9,4.3,8.2,7.3,MODERATE
9.2,58.3,22,2,4.9,7.4,0,6.9,23,7,4.2,4.0,7.2,2.1,MODERATE
12.7,64.1,23,6,6.2,8.8,1,6.5,6,5,3.6,4.4,7.6,9.7,LOW
6.1,43.8,65,1,5.2,8.1,2,5.0,28,7,7.0,6.1,4.3,8.0,MODERATE
8.5,57.4,62,10,2.5,5.8,1,6.9,18,1,8.5,4.9,4.7,3.7,HIGH
7.2,40.4,18,4,1.2,1.9,0,7.3,30,10,2.7,2.5,7.3,1.4,LOW
4.3,30.0,14,4,6.5,7.4,2,5.4,3,0,6.1,5.7,5.1,7.4,MODERATE
8.8,55.5,23,4,9.3,4.3,0,6.5,26,6,4.3,6.1,6.9,7.6,MODERATE
8.7,47.3,29,1,2.0,1.8,2,5.7,27,8,5.6,4.5,5.5,9.7,LOW
12.8,77.0,9,6,2.9,8.6,1,6.2,28,8,6.6,5.1,5.7,3.3,MODERATE
10.6,54.5,55,3,4.3,4.0,2,5.0,22,1,9.0,6.3,4.1,1.7,MODERATE
6.4,33.9,23,2,8.3,3.0,3,6.2,19,3,2.7,5.7,7.5,9.2,MODERATE
13.6,82.7,14,2,3.4,8.8,2,8.6,5,0,1.8,2.4,7.7,3.3,LOW
12.1,70.6,3,2,8.9,9.1,1,5.8,11,10,6.6,6.7,5.0,7.5,MODERATE
10.5,65.2,9,6,1.5,4.1,0,5.6,17,6,4.5,3.2,6.7,1.5,MODERATE
8.4,46.9,104,10,9.5,4.2,2,5.7,11,1,2.5,5.1,7.8,7.8,HIGH
6.6,43.1,12,3,6.0,6.2,1,6.3,17,3,2.1,3.8,7.0,2.1,MODERATE
8.1,49.4,6,4,6.9,7.6,0,8.8,2,11,6.0,4.4,5.9,7.3,LOW
11.7,67.5,21,3,4.3,1.6,2,8.3,9,1,3.7,3.1,7.3,5.8,LOW
13.7,78.7,12,4,8.0,6.3,0,6.3,6,0,10.0,7.4,1.8,9.6,MODERATE
12.9,73.1,1,2,2.5,9.6,0,5.7,2,6,4.7,3.9,6.0,1.3,MODERATE
7.8,45.4,13,9,1.4,3.4,3,4.2,27,5,2.9,2.4,6.9,3.6,MODERATE
6.2,35.1,27,6,4.6,9.2,1,5.3,18,1,6.7,5.4,4.7,1.6,MODERATE
9.4,58.5,28,3,8.7,9.6,0,3.9,12,3,3.2,5.5,7.0,8.9,MODERATE
4.6,30.0,15,4,7.8,3.4,2,7.5,29,11,5.4,5.2,5.8,6.3,MODERATE
9.8,59.4,20,2,5.7,7.8,3,8.2,3,10,5.3,4.9,6.0,5.8,MODERATE
8.6,46.5,117,3,6.1,3.1,0,6.0,30,2,5.1,6.1,5.1,2.2,MODERATE
7.8,48.4,16,5,2.2,7.6,2,7.0,9,11,8.2,5.2,4.9,5.4,MODERATE
5.0,36.2,10,2,8.6,8.2,2,5.1,5,2,2.9,4.6,7.2,4.6,MODERATE
10.3,54.8,9,4,8.1,3.2,0,4.0,0,2,9.1,7.7,3.2,3.8,HIGH
7.7,39.4,21,2,6.9,7.4,1,6.6,5,10,8.1,6.6,4.4,7.9,MODERATE
6.1,32.5,49,5,5.2,8.3,0,7.0,7,3,4.0,4.3,6.2,1.6,MODERATE
4.0,30.0,8,3,9.7,4.2,2,8.7,27,0,2.6,4.8,7.4,6.8,MODERATE
8.9,57.2,43,4,8.9,2.5,2,9.2,14,0,3.5,4.3,7.2,8.4,MODERATE
13.4,67.7,0,5,6.8,1.8,0,6.1,30,6,4.0,4.6,6.3,9.2,MODERATE
13.2,77.0,19,1,4.3,6.2,2,7.7,7,4,6.0,5.3,5.7,7.7,MODERATE
7.9,44.6,52,3,6.6,9.8,2,6.9,21,2,1.4,3.5,8.5,3.5,MODERATE
7.5,44.7,14,3,6.2,8.4,1,6.5,5,8,9.2,6.1,3.5,6.4,MODERATE
10.2,64.9,29,2,4.5,4.9,2,6.5,28,4,1.9,3.9,7.8,2.3,MODERATE
6.5,37.5,8,5,3.8,5.8,0,6.3,18,9,3.5,2.9,7.6,2.1,MODERATE
9.8,56.0,47,2,4.7,3.5,3,6.4,13,2,2.0,1.5,8.9,6.7,MODERATE
10.9,54.7,1,6,6.2,2.5,1,8.7,1,8,3.3,4.0,7.2,8.7,LOW
12.1,61.7,66,2,4.9,5.3,1,6.8,6,0,8.5,6.3,4.4,1.6,MODERATE
8.7,47.4,7,3,3.4,5.2,2,8.8,7,8,6.5,4.2,5.8,2.0,MODERATE
8.5,42.9,72,6,7.8,5.7,1,5.3,9,4,3.0,4.3,6.3,6.1,MODERATE
6.8,43.5,15,6,5.8,9.6,3,3.0,12,5,8.8,7.3,2.7,3.0,MODERATE
6.9,40.9,44,2,1.6,6.4,1,5.9,29,1,8.2,4.9,5.0,6.5,MODERATE
8.4,50.2,13,3,4.3,6.5,3,5.4,21,7,7.8,5.5,4.3,2.9,MODERATE
9.9,52.1,82,3,9.0,2.2,1,4.6,20,2,8.6,8.5,3.2,2.0,HIGH
11.3,60.9,4,6,7.8,10.0,0,8.2,19,0,6.6,5.0,5.8,5.9,MODERATE
7.0,45.0,6,0,3.9,8.0,3,4.8,0,6,5.5,5.1,5.7,8.8,MODERATE
12.7,78.0,23,1,9.4,8.9,2,7.3,8,11,4.4,6.0,6.0,7.2,MODERATE
8.3,42.3,2,7,1.7,4.7,2,9.1,26,2,3.0,2.2,7.4,8.4,LOW
8.9,57.9,7,6,9.7,5.5,5,5.0,9,3,6.0,7.4,5.0,3.4,MODERATE
7.1,44.2,100,2,3.2,5.7,0,6.2,19,4,9.0,6.0,4.0,9.0,MODERATE
4.0,30.0,131,7,1.1,2.7,1,8.3,1,0,6.3,3.6,5.5,4.4,HIGH
11.2,63.5,16,2,4.9,7.2,0,6.0,19,10,9.3,6.6,2.9,8.7,MODERATE
10.8,55.0,89,7,4.2,9.1,1,6.9,28,10,4.2,4.2,8.0,5.2,MODERATE
8.3,42.8,27,4,5.9,2.5,2,7.3,10,8,7.3,5.3,4.7,3.4,MODERATE
9.2,55.0,11,2,8.2,1.8,4,6.7,4,6,6.8,5.5,4.6,3.3,MODERATE
10.3,56.6,42,6,8.6,7.6,1,5.9,17,1,7.0,7.1,4.7,6.1,MODERATE
5.1,39.3,37,3,4.6,3.5,2,5.5,6,0,6.8,6.0,4.8,1.7,MODERATE
7.7,44.6,158,4,4.9,6.6,3,5.1,2,10,3.0,4.3,6.7,9.4,LOW
11.0,57.1,10,1,2.3,7.3,2,7.3,29,1,2.3,2.1,8.5,3.4,LOW
5.9,40.2,39,3,1.4,3.9,0,5.6,15,2,9.8,4.9,3.2,4.0,MODERATE
9.7,52.9,1,4,6.8,8.3,1,8.1,14,11,1.4,3.2,9.1,3.1,MODERATE
5.6,35.9,4,3,1.6,5.9,4,8.6,7,2,5.2,2.3,7.0,1.0,MODERATE
10.2,61.5,0,2,7.6,8.8,5,5.0,19,7,4.8,5.0,6.0,7.2,MODERATE
8.9,58.0,180,5,5.9,7.9,1,7.5,27,4,4.2,4.2,6.7,6.3,MODERATE
5.0,36.9,56,1,2.8,8.8,3,9.2,26,8,8.0,3.9,5.3,8.3,LOW
11.9,69.6,54,2,5.9,1.2,0,5.4,4,2,7.7,6.4,4.3,1.4,HIGH
7.2,46.2,24,1,2.6,3.2,0,8.1,2,5,9.1,4.9,5.0,9.4,MODERATE
7.0,49.2,12,6,4.9,1.8,4,7.2,28,3,4.6,3.8,7.1,4.0,MODERATE
9.5,51.9,5,1,8.2,5.0,0,7.7,26,7,6.1,4.7,5.8,9.2,MODERATE
11.9,59.5,11,2,5.2,9.0,0,5.5,4,11,9.0,6.1,3.2,2.0,HIGH
6.5,36.6,16,6,2.3,5.2,1,9.0,8,0,9.9,4.5,3.6,7.7,MODERATE
9.2,49.3,49,3,7.5,8.6,1,5.6,26,3,9.7,6.8,3.3,6.2,MODERATE
10.1,60.4,27,2,2.7,3.9,1,7.3,15,6,7.5,4.5,4.5,4.2,MODERATE
10.7,63.0,2,3,7.6,4.1,0,6.4,28,8,2.3,3.7,8.4,1.7,MODERATE
9.4,55.9,0,2,5.3,9.1,3,7.2,13,0,1.2,2.8,8.1,6.4,MODERATE
8.1,40.7,3,8,5.1,4.8,3,5.2,17,7,8.4,6.5,3.5,1.2,MODERATE
6.9,45.4,18,13,8.7,8.1,1,4.9,6,1,8.6,7.2,3.3,5.5,MODERATE
9.2,50.9,94,3,7.4,3.1,1,6.9,30,3,7.7,6.4,4.6,6.4,MODERATE
6.3,41.5,35,6,1.3,9.5,2,6.0,14,3,3.5,2.3,7.2,7.6,MODERATE
4.0,30.0,56,0,3.7,6.2,2,6.0,25,7,6.8,4.5,4.4,9.9,LOW
10.1,55.6,21,4,8.8,7.8,1,7.2,7,10,3.8,4.9,7.2,3.3,MODERATE
11.3,58.5,15,3,1.2,1.8,1,4.6,2,1,5.1,4.4,5.9,3.9,HIGH
4.0,30.0,4,1,5.9,5.4,1,8.1,10,6,4.4,4.5,5.9,4.1,MODERATE
6.5,45.0,73,3,7.6,9.1,0,6.7,19,2,9.2,7.8,2.7,7.6,HIGH
10.5,66.3,53,3,6.6,8.9,1,7.5,28,8,3.1,3.8,8.2,9.4,LOW
14.1,80.2,6,6,7.8,1.4,2,7.2,26,4,6.2,5.6,4.9,9.8,MODERATE
9.1,47.1,25,6,7.5,3.7,2,7.3,25,11,4.2,4.2,6.6,9.5,LOW
7.2,42.0,23,3,7.2,5.0,2,4.9,17,7,7.0,5.9,4.5,8.9,MODERATE
8.5,53.4,34,4,8.4,2.6,1,8.0,14,4,6.1,5.7,4.6,9.9,MODERATE
12.4,73.7,102,7,6.8,7.6,2,6.9,9,0,9.3,6.3,3.1,4.4,HIGH
7.4,38.8,30,3,4.6,2.7,0,5.9,28,8,1.9,4.0,7.2,9.5,LOW
7.0,35.0,27,6,5.2,4.1,1,6.3,24,9,3.0,3.1,8.0,7.8,LOW
7.8,49.7,1,4,7.5,7.0,2,7.0,2,10,7.9,6.6,4.1,2.5,MODERATE
6.6,38.3,2,5,8.9,5.3,1,6.7,14,11,4.3,4.9,7.6,1.4,MODERATE
9.3,50.3,7,2,3.4,7.6,1,7.3,24,6,2.5,2.4,7.7,2.9,LOW
13.1,65.7,1,6,4.1,9.7,1,8.6,28,3,5.5,4.1,5.6,8.0,MODERATE
9.8,57.1,47,6,9.4,2.0,3,5.2,22,6,6.9,6.7,5.3,6.7,MODERATE
8.4,54.8,44,2,6.2,7.4,1,7.5,5,4,1.4,2.9,9.0,3.0,MODERATE
8.3,55.9,5,2,2.6,3.1,2,6.4,10,9,3.6,2.9,7.5,7.7,LOW
5.1,34.0,63,2,7.0,4.7,5,8.0,27,8,8.3,6.9,3.2,2.3,MODERATE
11.2,63.7,5,4,9.9,1.3,2,8.6,10,1,5.7,5.4,6.4,8.4,MODERATE
8.8,45.3,12,5,8.4,2.2,1,6.8,18,3,1.3,4.0,8.1,8.1,MODERATE
8.5,50.7,10,3,7.7,3.9,0,7.3,26,5,3.5,4.4,6.7,9.8,LOW
16.0,85.7,16,1,2.9,4.1,1,8.1,22,10,6.8,4.3,5.9,2.4,MODERATE
9.7,57.6,10,6,8.9,9.1,1,7.8,30,4,2.8,4.1,7.4,9.2,MODERATE
7.1,41.3,23,2,5.7,7.7,2,8.1,26,0,8.4,5.5,3.6,4.1,MODERATE
7.9,43.1,18,7,9.0,9.7,1,6.1,29,8,7.1,6.9,4.4,4.7,MODERATE
11.9,60.9,150,5,4.0,6.4,4,5.8,2,8,5.2,4.1,5.8,5.2,MODERATE
9.3,51.2,2,3,1.6,3.2,0,5.0,12,2,9.2,6.2,2.0,6.6,MODERATE
5.4,30.0,5,3,5.3,3.9,2,6.2,26,3,4.5,5.1,5.8,10.0,MODERATE
11.3,59.2,1,4,3.4,3.9,1,6.4,21,3,3.1,3.6,7.1,6.4,MODERATE
7.3,51.3,34,4,7.4,3.9,1,6.3,7,9,7.0,6.2,4.1,9.3,MODERATE
13.7,75.2,1,3,9.6,7.1,2,7.1,20,7,6.2,4.7,5.8,3.3,MODERATE
11.7,66.5,63,5,7.2,5.8,0,7.2,10,5,4.0,4.8,6.2,4.6,MODERATE
7.9,52.6,25,3,9.0,4.5,0,6.4,10,1,4.1,5.2,6.6,5.5,MODERATE
12.2,75.9,26,6,5.1,2.3,1,7.0,12,3,4.6,4.1,5.9,3.9,MODERATE
9.2,54.7,28,5,7.9,1.2,1,7.6,2,0,3.6,3.6,7.6,9.8,MODERATE
11.1,67.7,6,4,8.6,3.0,2,5.5,5,2,7.4,7.1,3.5,7.5,HIGH
10.2,55.9,7,2,7.4,2.0,4,7.7,30,3,6.9,4.9,3.9,5.3,MODERATE
6.9,39.1,13,5,5.6,8.1,0,5.7,23,7,5.0,5.0,6.6,7.8,MODERATE
7.4,43.0,31,5,6.6,2.0,1,8.4,9,2,4.6,4.8,5.8,5.2,MODERATE
11.6,68.1,8,6,7.3,7.5,2,6.7,18,4,4.3,4.7,7.3,1.2,MODERATE
8.2,51.2,4,3,3.3,4.5,5,6.6,11,0,3.6,4.1,7.3,5.9,MODERATE
8.0,44.7,122,8,8.3,1.7,3,4.2,28,3,1.8,4.6,8.1,6.6,HIGH
6.6,35.0,0,6,9.6,8.3,2,7.4,13,1,3.4,5.3,7.2,9.8,MODERATE
10.1,60.0,56,5,5.2,6.2,1,6.6,10,3,3.9,3.5,7.1,1.4,MODERATE
14.2,72.9,54,4,7.3,3.1,0,6.7,26,4,5.9,6.1,5.3,5.6,MODERATE
6.3,40.2,12,4,7.6,9.1,1,6.4,20,2,8.0,7.0,4.5,1.9,MODERATE
9.1,55.9,5,9,7.0,1.4,1,7.3,24,5,4.6,5.0,6.3,2.3,MODERATE
12.5,73.0,5,5,5.9,2.8,2,7.6,29,11,9.5,6.1,3.1,6.5,MODERATE
8.8,55.3,41,8,8.9,7.8,1,7.1,29,1,8.4,6.2,4.2,3.1,MODERATE
10.1,63.6,36,3,5.0,7.4,2,8.2,25,4,9.9,5.8,2.3,7.7,MODERATE
6.3,39.0,53,5,1.5,3.6,1,5.6,30,3,8.9,5.9,4.4,5.6,MODERATE
10.1,61.5,97,2,8.6,1.6,2,5.7,30,4,6.6,6.6,5.4,3.0,MODERATE
8.5,51.8,41,5,7.1,8.7,0,7.0,9,8,6.4,4.8,6.0,5.4,MODERATE
11.5,60.3,5,3,8.6,3.8,0,7.4,2,5,2.2,3.7,8.4,1.0,MODERATE
12.0,60.4,9,5,2.2,2.8,0,7.2,12,6,7.5,5.1,4.7,8.8,MODERATE
15.5,81.8,64,4,1.3,5.6,3,4.8,27,10,6.4,4.8,5.3,1.1,HIGH
10.4,58.6,8,4,9.4,9.2,0,4.9,26,7,5.6,6.0,4.8,1.1,MODERATE
9.8,58.3,2,6,2.3,1.4,2,6.3,17,8,7.2,3.8,6.1,6.5,LOW
9.5,60.2,42,2,8.3,7.9,0,4.2,26,4,5.0,5.9,5.5,9.8,MODERATE
8.1,43.4,18,3,8.4,6.2,1,6.8,12,7,5.7,4.8,5.9,8.7,MODERATE
9.8,50.9,88,5,7.4,4.8,3,6.4,29,1,4.6,5.1,6.3,3.3,MODERATE
8.3,56.0,36,7,2.2,7.7,1,5.3,23,9,7.5,6.3,3.7,2.8,MODERATE
9.4,48.6,3,3,7.0,9.7,0,5.8,13,8,8.9,6.1,2.8,6.6,MODERATE
12.3,68.7,103,1,9.0,3.1,0,6.6,29,1,8.6,7.1,3.6,8.4,MODERATE
6.5,41.3,10,3,4.8,2.3,3,4.6,13,11,8.1,7.0,3.6,4.3,MODERATE
11.8,67.1,14,5,4.7,9.2,1,5.7,6,4,1.1,3.5,8.4,4.9,MODERATE
12.3,62.8,18,4,5.0,7.0,1,6.2,11,5,9.2,6.2,4.1,2.0,MODERATE
8.7,44.4,1,5,1.7,4.9,1,6.1,24,3,3.5,3.0,7.5,2.4,MODERATE
4.0,30.0,24,2,9.0,6.2,1,6.1,30,7,9.0,6.9,3.8,6.1,MODERATE
7.5,46.3,4,2,8.8,7.7,0,8.3,3,9,2.8,4.1,7.6,1.9,MODERATE
12.2,69.2,17,5,10.0,8.0,2,7.7,15,2,5.0,5.8,5.6,2.8,MODERATE
8.9,48.0,15,4,6.3,9.3,2,5.7,18,10,7.7,6.8,3.6,3.1,MODERATE
6.5,42.1,51,3,7.8,4.8,0,5.2,9,4,6.8,6.2,4.9,5.0,MODERATE
7.7,50.8,56,10,2.8,3.6,2,6.0,15,1,4.7,3.8,6.6,1.4,MODERATE
11.1,56.1,5,5,7.0,6.8,3,8.1,4,2,7.1,5.0,5.4,5.5,MODERATE
10.4,59.5,15,4,6.8,4.7,3,3.7,26,7,5.9,6.4,5.1,9.4,MODERATE
8.4,52.3,16,4,9.1,6.4,0,6.6,15,10,3.5,5.5,6.5,1.2,MODERATE
8.1,44.3,5,6,8.5,4.8,1,6.1,0,4,6.8,6.8,4.4,6.7,MODERATE
8.0,44.6,56,4,9.4,2.4,3,8.1,4,2,2.8,3.9,7.0,8.5,MODERATE
6.7,42.7,42,1,8.8,5.2,0,7.8,12,4,7.2,6.3,5.2,3.8,MODERATE
13.0,78.5,7,2,8.8,7.2,0,4.6,12,8,1.0,4.3,8.8,2.2,HIGH
8.2,53.1,15,3,1.6,8.2,3,8.1,2,2,5.9,3.9,5.3,1.4,MODERATE
12.0,68.7,3,7,8.6,5.4,1,3.5,16,11,4.6,6.3,6.2,6.8,HIGH
12.8,75.0,34,4,6.5,2.5,1,7.3,18,9,3.7,3.5,6.2,6.0,MODERATE
11.5,63.0,4,3,4.4,4.7,1,7.4,4,6,5.6,4.2,6.4,3.1,MODERATE
7.9,49.1,149,9,1.5,8.1,2,8.7,4,7,6.8,3.8,5.1,8.5,LOW
10.0,57.0,53,5,7.1,4.7,1,6.8,14,4,9.7,7.1,3.2,7.6,MODERATE
8.9,47.3,17,3,4.0,7.3,3,5.6,9,2,8.5,5.7,3.1,3.5,MODERATE
6.7,44.0,30,3,5.2,5.6,1,5.2,11,10,7.5,5.7,3.9,7.8,MODERATE
9.8,57.3,84,3,7.1,3.2,1,8.4,23,5,5.3,4.2,6.3,3.2,MODERATE
6.1,35.9,28,5,9.2,8.2,1,8.7,10,11,4.5,4.8,6.0,7.1,MODERATE
12.0,73.7,6,3,8.4,1.8,0,5.9,0,2,1.3,3.8,7.8,2.1,MODERATE
7.8,39.3,16,5,5.1,5.7,1,6.5,22,8,4.2,4.7,7.2,7.2,MODERATE
9.5,52.2,64,5,4.5,2.9,1,8.3,20,1,8.6,4.8,5.4,3.1,MODERATE
9.7,49.4,36,2,3.2,1.6,3,7.5,2,2,4.5,3.6,7.1,6.2,MODERATE
8.4,53.5,36,2,4.4,5.5,1,6.3,3,6,5.2,4.5,5.5,2.6,MODERATE
10.5,63.0,70,2,2.0,5.5,1,5.5,18,9,3.4,3.8,8.0,7.5,LOW
7.8,44.0,78,1,9.7,7.4,1,5.4,23,7,3.5,6.2,5.6,1.5,MODERATE
11.2,66.1,88,4,6.2,7.7,2,7.7,19,4,1.6,3.5,8.0,2.5,MODERATE
5.6,33.9,3,1,2.2,7.6,1,6.0,2,4,6.5,4.6,5.4,2.7,MODERATE
9.3,57.8,27,4,4.2,4.7,0,6.0,17,4,5.0,3.9,7.3,1.4,MODERATE
13.8,75.8,47,8,5.9,6.7,3,7.3,2,3,6.5,4.6,5.8,7.7,MODERATE
6.5,38.7,49,3,5.8,6.2,1,6.6,6,8,5.9,4.7,5.4,9.8,MODERATE
7.3,50.5,32,3,1.3,4.8,1,7.0,21,5,8.2,4.9,4.0,8.0,MODERATE
10.3,55.3,6,3,9.6,6.4,1,6.1,25,11,7.8,7.2,4.4,8.7,MODERATE
9.4,48.8,55,5,3.5,9.5,2,6.0,27,7,7.9,5.8,4.0,1.1,MODERATE
9.9,58.3,44,3,1.1,2.7,1,5.5,28,7,5.5,4.4,6.0,2.1,MODERATE
10.2,65.5,3,4,1.7,9.2,0,7.4,20,4,4.2,2.6,6.4,6.0,MODERATE
10.6,58.7,21,8,6.2,1.5,2,6.6,23,11,9.4,6.7,3.6,9.8,MODERATE
11.8,59.9,6,5,2.2,3.8,0,6.9,26,8,1.5,2.2,8.8,6.9,LOW
10.0,55.1,14,5,1.4,3.6,2,5.2,0,1,2.4,2.7,7.4,4.4,MODERATE
8.4,49.6,0,1,4.4,6.6,0,7.4,18,7,4.8,3.8,7.0,2.3,MODERATE
10.7,55.9,17,5,6.6,2.2,1,6.9,17,2,6.5,6.1,5.2,2.4,MODERATE
13.7,78.4,27,7,2.0,8.9,0,7.4,1,6,1.1,1.8,9.3,4.3,LOW
8.7,58.5,33,7,3.8,8.5,1,6.9,27,8,7.5,5.1,4.5,7.4,MODERATE
6.6,39.8,38,2,4.8,6.9,2,6.9,26,10,6.0,4.4,5.8,1.3,MODERATE
11.8,64.3,63,3,2.4,5.1,0,4.1,11,4,5.4,5.0,5.8,8.7,HIGH
8.7,49.5,8,2,5.6,9.4,1,8.0,16,10,4.8,3.7,6.4,9.5,LOW
4.0,30.0,4,3,1.8,8.5,3,4.8,20,7,5.7,4.6,5.9,9.0,MODERATE
11.1,68.7,66,7,1.4,5.5,1,7.8,20,3,2.5,2.3,8.7,9.2,HIGH
7.7,44.7,5,3,5.7,7.3,2,6.4,2,0,2.0,3.4,8.5,1.1,MODERATE
8.8,49.8,128,4,3.2,6.1,3,4.4,11,0,3.6,4.2,6.3,9.8,MODERATE
9.8,58.9,64,4,1.9,6.3,4,6.4,27,5,7.4,4.7,5.4,4.3,MODERATE
9.5,54.1,24,7,4.8,4.0,3,4.5,24,7,6.3,5.6,5.8,8.8,MODERATE
10.8,63.7,139,1,9.2,5.2,1,7.9,11,9,5.3,5.5,5.6,2.7,MODERATE
7.9,40.4,3,4,7.5,1.7,4,5.8,5,1,6.1,6.0,5.4,5.0,MODERATE
10.3,63.7,12,4,8.3,4.2,2,5.1,29,10,6.0,6.4,5.3,1.4,MODERATE
8.4,56.1,35,5,8.8,7.3,2,7.4,9,3,3.8,5.0,6.2,1.4,MODERATE
10.8,63.7,15,1,9.8,9.6,0,6.4,29,2,1.9,4.2,7.6,9.5,MODERATE
10.5,66.8,92,1,7.9,9.7,4,7.2,21,8,9.1,6.8,3.8,8.3,MODERATE
6.7,35.8,2,2,6.5,6.0,2,6.4,25,2,6.4,5.7,4.8,5.8,MODERATE
11.7,65.7,27,1,4.3,6.5,2,8.0,5,10,7.3,4.9,5.4,5.7,MODERATE
7.7,47.5,31,4,2.6,2.7,0,6.0,13,7,5.2,4.5,6.7,7.7,LOW
11.0,63.7,37,2,7.2,7.3,0,4.5,1,6,7.8,7.2,4.5,4.1,HIGH
9.9,55.5,10,1,10.0,1.6,4,5.1,10,0,6.3,6.6,5.9,7.9,MODERATE
13.6,73.1,15,3,5.2,3.6,1,7.1,14,7,1.5,2.9,8.3,5.4,MODERATE
8.4,43.9,64,2,7.5,7.0,1,5.6,25,8,9.0,7.0,3.5,6.7,MODERATE
8.1,46.4,7,2,5.5,3.8,2,8.2,25,7,3.7,3.7,7.2,9.7,LOW
9.0,47.4,61,4,4.9,1.4,0,5.0,7,9,2.2,3.8,7.7,5.2,MODERATE
8.2,52.0,28,5,4.7,8.5,1,7.8,21,9,1.8,3.1,8.4,4.8,LOW
11.0,58.1,50,1,5.5,3.8,1,5.9,12,0,7.5,6.0,3.6,9.2,MODERATE
5.0,30.0,43,1,4.3,1.6,1,8.2,30,10,7.3,5.4,4.8,9.1,MODERATE
6.4,40.3,8,4,7.7,1.7,1,7.2,29,10,7.3,6.2,3.8,9.9,MODERATE
6.3,40.4,29,5,8.9,3.3,0,6.8,18,6,9.2,6.9,2.8,6.0,MODERATE
11.4,70.1,70,4,8.9,2.6,0,7.4,9,8,4.1,4.9,6.8,4.1,MODERATE
13.3,75.2,19,2,3.0,8.0,1,8.1,8,4,6.1,4.2,5.6,3.2,MODERATE
8.7,48.7,118,3,9.1,3.9,3,6.4,17,1,6.6,5.6,5.4,1.3,MODERATE
8.6,55.0,21,7,4.1,8.2,1,4.1,6,7,9.8,6.2,3.1,7.5,MODERATE
9.2,54.1,5,2,3.8,2.6,0,8.1,2,8,3.8,3.2,7.7,3.1,LOW
11.9,60.7,17,6,7.5,5.4,0,6.1,30,6,9.6,7.7,2.8,6.5,HIGH
6.7,42.0,106,9,3.7,7.2,2,9.5,11,11,2.3,2.8,7.0,9.2,LOW
9.6,61.6,13,4,1.5,6.9,4,5.7,14,4,7.9,4.8,4.7,9.6,MODERATE
11.4,62.9,70,4,4.4,6.4,1,6.0,21,7,6.7,5.7,3.9,1.0,MODERATE
10.3,55.9,74,2,7.5,9.3,0,7.5,20,5,8.4,6.4,3.2,3.9,MODERATE
9.5,49.7,15,3,3.9,3.1,1,7.5,12,11,1.3,1.7,8.4,8.5,LOW
11.5,59.8,3,4,6.7,5.4,2,7.0,5,3,1.7,3.6,7.6,5.8,MODERATE
4.0,30.0,45,3,6.9,9.0,1,5.8,7,0,1.6,3.7,7.8,8.3,MODERATE
10.7,62.4,13,2,7.6,1.7,1,5.0,13,5,6.3,6.8,4.3,8.7,MODERATE
7.4,38.2,53,1,9.1,1.5,2,5.6,2,7,6.4,6.6,4.1,5.0,MODERATE
4.4,36.1,20,4,4.9,3.1,4,4.5,15,2,9.2,6.2,4.3,4.2,MODERATE
10.3,62.8,23,3,2.5,6.7,0,9.2,17,11,5.2,2.3,6.4,5.1,MODERATE
12.4,70.8,52,4,3.9,3.3,5,5.2,23,6,1.6,3.2,7.1,6.9,HIGH
8.7,55.9,16,4,4.9,2.7,1,6.1,16,11,2.9,2.6,7.6,4.3,MODERATE
11.4,58.2,20,4,7.4,5.1,2,7.4,17,6,1.1,3.2,7.9,8.0,LOW
13.0,72.2,16,4,1.1,6.5,1,6.5,9,8,8.0,4.7,4.1,9.1,MODERATE
12.3,71.0,16,4,3.8,3.2,1,5.7,16,0,8.3,5.2,4.6,3.5,MODERATE
13.1,77.9,26,5,8.0,3.7,2,6.3,15,4,10.0,8.0,2.4,9.7,HIGH
10.9,66.3,57,1,7.0,6.5,1,5.7,20,7,4.7,5.9,5.3,6.6,MODERATE
9.2,50.2,15,6,7.6,9.5,0,6.2,23,2,1.2,3.4,8.6,8.9,MODERATE
5.0,39.1,26,2,8.3,7.1,1,7.0,1,4,3.1,4.5,7.7,1.9,MODERATE
8.4,43.9,38,2,8.0,8.0,1,5.2,19,0,6.3,6.9,5.0,3.3,MODERATE
6.9,47.6,10,5,7.1,4.3,0,7.9,3,8,9.7,6.6,1.9,3.9,MODERATE
14.4,86.6,11,4,5.0,3.5,3,6.6,10,3,1.9,2.6,7.7,3.7,MODERATE
8.6,45.7,94,6,9.9,5.1,0,5.7,26,4,2.1,5.0,7.5,2.5,MODERATE
9.3,57.3,44,7,6.1,8.3,1,6.1,6,2,7.3,5.5,4.6,8.8,MODERATE
10.4,52.6,30,3,2.8,5.1,0,8.0,16,1,7.0,4.8,4.9,4.8,MODERATE
9.1,51.6,36,0,3.6,8.6,1,7.6,24,11,3.3,3.4,6.8,9.7,LOW
13.2,73.7,1,5,7.2,9.9,1,6.8,18,6,8.3,6.3,3.3,6.3,MODERATE
7.4,45.7,33,10,9.3,1.6,1,5.7,5,10,2.2,5.0,8.4,2.2,MODERATE
9.5,61.5,24,9,2.6,1.4,0,7.2,9,4,9.3,4.7,4.0,5.9,MODERATE
7.1,45.6,27,5,1.7,2.3,0,6.5,29,10,2.8,2.3,8.2,9.9,LOW
5.7,35.7,15,5,8.9,4.5,2,8.8,20,9,1.7,4.5,7.8,6.1,MODERATE
7.5,49.6,2,3,9.2,2.2,1,6.5,3,2,4.1,5.5,6.3,1.0,MODERATE
8.9,58.8,7,2,3.5,8.8,1,8.7,24,1,2.7,3.0,7.7,9.4,LOW
7.9,39.8,105,5,4.4,1.2,0,6.8,26,9,5.7,4.7,5.2,3.1,MODERATE
7.3,51.2,18,4,6.9,3.8,3,5.2,27,5,7.2,7.0,3.5,7.2,MODERATE
5.5,30.0,22,4,4.0,2.7,0,9.5,29,9,5.4,2.5,6.7,5.6,MODERATE
8.8,56.2,1,3,8.9,9.4,3,4.6,24,5,6.9,7.0,4.5,3.9,MODERATE
5.2,30.2,1,2,2.0,7.0,1,3.9,0,2,4.3,5.0,6.8,3.5,MODERATE
10.9,56.5,44,3,1.3,9.2,1,3.8,6,8,1.3,3.2,8.8,9.4,LOW
9.2,52.6,27,6,2.9,9.8,2,9.5,25,0,9.8,5.6,3.0,9.2,MODERATE
5.4,36.7,24,8,3.6,5.5,3,9.3,24,2,8.4,4.6,5.0,5.6,MODERATE
8.2,46.7,9,2,2.0,3.1,1,6.7,20,0,1.7,2.0,8.9,3.3,MODERATE
7.1,36.3,47,2,1.6,2.7,1,7.1,15,6,5.0,2.8,7.0,1.9,MODERATE
9.8,58.0,6,2,7.8,3.0,1,6.8,16,1,6.7,5.4,6.2,2.4,MODERATE
12.4,75.5,7,4,2.5,7.4,3,4.2,23,10,2.7,4.0,8.5,5.7,HIGH
4.3,30.0,21,3,9.2,1.4,2,8.4,4,10,6.2,6.0,5.4,3.8,MODERATE
9.3,49.7,11,4,4.3,1.5,0,8.2,21,11,5.8,4.1,6.2,1.4,MODERATE
8.6,49.6,9,5,7.0,6.5,0,4.9,22,3,2.9,5.0,7.6,5.1,MODERATE
10.7,54.2,36,6,3.0,6.8,0,6.9,9,3,2.3,2.8,7.7,7.7,MODERATE
9.5,59.8,36,5,3.2,7.0,0,6.4,6,7,7.8,5.6,4.1,9.0,MODERATE
7.1,47.9,60,5,6.2,4.3,0,6.2,12,10,3.9,5.0,6.9,6.3,MODERATE
8.2,49.8,18,5,6.0,8.3,2,5.6,29,3,3.2,3.9,6.8,7.5,MODERATE
7.0,40.3,2,4,7.9,5.8,0,6.4,27,2,7.6,6.6,4.5,4.3,MODERATE
11.7,70.5,11,3,7.8,1.9,1,5.8,6,9,7.6,5.8,4.5,5.5,MODERATE
9.1,53.8,136,4,7.0,8.2,1,7.9,14,11,3.5,4.2,6.6,7.6,LOW
13.8,81.4,31,7,5.0,9.6,0,6.5,16,2,8.9,6.4,3.6,7.5,MODERATE
8.8,53.5,43,3,9.0,1.5,0,5.6,22,4,7.2,6.2,5.2,4.8,MODERATE
7.2,47.8,0,5,6.6,4.5,0,6.5,26,5,4.1,4.5,6.6,5.9,MODERATE
5.2,35.0,25,4,9.9,5.4,0,6.3,2,6,4.8,6.0,5.8,9.3,MODERATE
4.5,30.0,1,4,8.4,2.3,2,6.3,4,4,7.5,6.7,4.4,6.7,MODERATE
5.0,39.4,29,2,1.4,8.8,2,7.4,9,6,2.9,2.2,8.1,6.8,LOW
9.7,56.6,88,4,3.9,3.6,0,6.1,4,3,5.2,3.8,6.1,8.1,MODERATE
10.3,60.6,120,6,6.1,8.0,1,5.8,23,4,6.9,5.8,5.0,2.0,MODERATE
5.0,30.0,27,3,7.5,7.0,0,4.7,6,5,5.9,5.4,4.9,5.7,MODERATE
11.2,65.4,21,4,6.0,6.4,1,6.5,6,8,6.5,5.3,4.8,9.6,MODERATE
7.8,47.6,101,7,8.1,2.7,1,8.1,21,5,5.9,5.1,5.2,4.3,MODERATE
9.4,49.8,39,4,3.5,3.0,1,6.3,22,9,2.8,3.2,7.9,3.7,MODERATE
13.0,65.9,2,4,2.7,1.4,1,5.8,13,10,4.7,3.7,6.6,6.4,MODERATE
11.2,65.1,21,4,1.5,3.2,0,5.5,22,0,5.8,3.4,6.0,3.0,HIGH
8.3,53.0,9,6,6.2,4.1,2,4.3,14,11,8.0,6.6,4.4,6.0,MODERATE
6.8,41.9,22,5,7.2,8.5,3,8.0,4,10,6.9,6.0,4.9,2.4,MODERATE
4.0,30.0,21,2,3.9,4.3,3,7.1,4,6,4.8,4.6,6.1,6.2,MODERATE
7.2,46.0,30,1,6.5,7.8,0,7.5,3,10,9.8,7.8,2.2,6.4,HIGH
8.5,43.7,15,5,1.5,5.0,2,6.8,29,10,2.0,3.1,7.7,4.8,MODERATE
6.5,39.1,6,3,1.9,8.1,2,5.5,19,2,2.9,2.5,7.1,4.4,MODERATE
8.7,46.0,24,3,7.3,9.8,3,6.1,20,5,4.1,4.8,6.6,3.2,MODERATE
9.2,48.8,62,6,4.3,3.2,0,5.8,25,1,3.1,3.8,6.9,4.0,HIGH
8.4,45.0,38,3,7.0,8.8,2,6.0,8,11,6.6,5.9,4.7,5.5,MODERATE
7.4,42.8,14,2,8.5,6.6,0,6.0,29,6,1.4,4.3,7.9,3.2,MODERATE
9.4,47.8,95,3,8.7,8.4,1,7.9,26,0,2.6,5.5,7.6,8.0,MODERATE
10.1,56.5,85,2,2.5,6.9,1,9.1,11,1,3.6,1.9,8.1,7.4,LOW
6.3,39.2,8,7,5.4,4.8,2,5.4,15,8,7.2,5.5,4.7,3.4,MODERATE
12.5,69.7,1,3,7.6,3.1,3,6.3,21,8,8.9,7.8,3.8,1.9,HIGH
8.8,49.7,47,5,8.0,1.6,1,6.8,7,6,8.2,6.3,3.0,1.0,MODERATE
9.0,57.6,61,5,8.1,5.8,1,5.2,8,1,2.6,5.1,8.1,6.4,MODERATE
10.8,56.2,120,4,3.1,9.9,0,6.6,11,4,6.1,4.9,5.8,2.9,MODERATE
9.6,55.6,77,3,2.7,7.6,1,7.0,29,3,1.3,2.5,8.7,1.1,LOW
11.4,57.9,32,2,6.3,3.9,1,6.4,19,1,3.8,4.6,6.3,4.2,MODERATE
9.7,49.6,26,3,7.7,8.4,0,7.3,27,1,8.3,6.9,3.6,9.7,MODERATE
7.5,46.1,0,3,3.9,7.9,3,6.5,28,9,5.1,3.8,6.6,7.2,LOW
9.9,58.0,9,5,1.9,3.5,0,3.0,6,7,2.3,3.3,8.2,8.7,LOW
6.1,43.7,21,7,7.5,1.1,1,5.3,20,4,4.9,5.9,6.1,2.3,MODERATE
9.3,54.9,34,7,3.7,2.1,3,8.4,3,7,2.8,1.7,7.7,1.7,LOW
8.9,58.9,28,7,2.5,8.9,3,7.2,27,1,4.5,4.1,6.1,1.1,MODERATE
8.5,43.2,47,5,2.3,8.5,2,3.0,22,1,5.4,5.1,5.9,9.6,MODERATE
8.7,45.0,11,4,3.8,3.7,0,4.5,2,10,4.1,4.5,7.0,3.7,MODERATE
4.3,30.0,29,6,6.3,3.6,2,7.4,0,10,9.4,5.6,3.6,5.1,MODERATE
7.6,40.8,3,2,4.2,8.1,0,5.8,6,2,6.1,4.3,6.4,4.6,MODERATE
9.2,54.1,18,4,1.2,9.4,3,3.0,8,10,8.6,5.7,4.0,7.6,MODERATE
9.4,56.7,48,4,1.9,8.0,2,7.9,1,9,7.8,4.7,4.7,3.8,MODERATE
6.4,32.7,41,3,3.6,6.5,2,7.4,6,7,7.0,3.6,5.8,5.8,MODERATE
12.2,75.2,163,2,6.9,3.2,0,5.4,9,7,5.5,6.0,6.1,10.0,HIGH
6.8,46.6,11,3,1.9,5.7,1,8.1,1,2,1.0,1.4,8.4,5.0,LOW
11.4,61.4,24,7,6.0,3.1,2,5.5,12,0,6.5,5.6,4.5,6.0,HIGH
10.1,51.7,13,1,2.1,8.3,3,5.7,28,6,4.2,3.7,6.6,5.5,MODERATE
7.4,39.5,20,0,2.9,4.5,0,5.9,2,3,2.1,3.1,9.6,8.2,MODERATE
13.4,68.9,68,5,2.5,8.5,3,4.0,12,2,5.0,4.2,6.1,3.4,HIGH
6.0,31.8,40,4,1.6,4.4,0,7.0,9,4,7.6,4.7,4.7,2.5,MODERATE
11.3,64.3,74,6,7.0,8.4,1,7.2,29,11,9.7,5.7,3.7,7.8,MODERATE
11.5,61.2,7,2,5.2,4.0,2,5.9,11,5,4.4,4.3,7.0,4.7,MODERATE
7.3,41.9,72,3,8.5,5.0,0,7.4,25,0,5.9,5.8,5.4,9.2,MODERATE
12.5,77.3,2,4,1.9,6.5,0,4.4,2,11,8.7,5.6,4.6,6.8,HIGH
8.4,52.3,76,1,2.3,1.6,2,7.4,27,11,4.0,2.2,6.7,6.1,LOW
9.7,62.7,13,1,3.8,9.5,1,6.9,28,8,2.3,3.4,7.4,1.6,MODERATE
9.7,50.6,13,4,7.9,6.2,0,5.6,19,5,3.5,4.5,7.5,7.6,LOW
8.7,49.2,25,3,3.8,5.6,2,7.0,5,2,9.1,5.6,3.8,7.2,MODERATE
11.0,63.3,98,5,4.7,8.6,2,5.4,2,0,2.4,3.8,7.0,6.8,HIGH
11.0,56.2,1,4,3.7,8.8,1,7.9,28,8,4.0,3.3,6.3,3.4,LOW
4.6,30.0,15,7,1.7,5.7,0,7.2,24,1,5.2,4.0,5.8,9.5,MODERATE
12.3,71.6,67,3,9.5,9.3,0,7.0,1,9,8.6,7.2,3.5,3.9,MODERATE
4.8,33.6,17,1,5.9,1.6,2,5.9,22,5,9.4,7.0,3.4,2.4,MODERATE
11.6,64.2,7,6,8.1,2.0,1,7.5,21,5,4.8,5.1,5.9,9.9,MODERATE
11.8,66.3,19,1,6.9,6.4,2,8.1,13,11,9.4,6.7,3.5,7.7,MODERATE
6.3,37.7,17,2,5.6,4.2,2,8.6,14,2,2.5,3.8,7.4,4.7,MODERATE
8.0,40.4,86,1,1.8,5.2,1,5.8,17,10,2.4,2.8,8.6,9.4,LOW
6.2,36.0,50,4,6.8,4.0,0,7.6,26,5,9.5,7.0,4.4,1.8,MODERATE
8.5,45.2,24,2,2.4,4.6,3,8.3,18,1,5.6,4.2,5.7,1.8,MODERATE
8.2,42.5,155,5,4.7,8.4,1,6.2,21,7,2.7,4.3,7.6,7.1,LOW
10.9,68.9,21,3,6.7,6.3,1,8.3,9,0,5.4,4.5,6.1,2.6,MODERATE
12.3,70.5,2,4,8.0,10.0,3,6.7,19,5,8.0,7.1,3.9,9.3,MODERATE
12.5,73.4,10,6,7.2,8.1,3,5.2,16,0,8.4,7.1,4.0,8.6,HIGH
7.6,42.7,20,3,7.0,3.5,1,5.6,16,8,8.8,7.5,3.6,3.8,HIGH
8.5,48.4,5,2,2.3,3.4,0,4.6,18,8,6.1,5.0,5.2,9.0,MODERATE
4.8,30.0,103,3,4.1,4.0,5,6.4,23,5,8.8,6.0,4.5,1.4,MODERATE
7.0,36.5,50,4,1.4,8.6,2,6.3,26,5,5.6,4.0,6.1,5.9,MODERATE
11.4,59.7,10,3,7.5,1.2,1,6.7,3,8,6.5,6.0,4.8,9.4,MODERATE
13.0,77.0,31,4,9.6,3.1,1,8.3,10,4,7.8,6.7,5.3,8.7,MODERATE
5.9,39.7,44,4,3.4,9.1,1,6.5,16,8,4.8,3.9,6.4,4.2,MODERATE
7.5,45.7,99,3,1.8,6.8,3,6.2,23,4,1.7,2.2,8.6,2.6,MODERATE
8.9,51.6,74,2,5.3,3.0,1,6.2,9,3,4.2,5.3,6.4,2.9,MODERATE
9.7,62.3,25,5,8.7,3.0,2,4.1,21,1,6.6,7.3,4.4,5.6,MODERATE
7.0,36.1,52,6,6.0,8.8,2,7.4,16,1,2.7,3.4,7.9,6.4,MODERATE
10.1,54.7,28,5,1.4,9.0,2,6.3,11,0,2.3,2.3,7.7,1.3,MODERATE
7.8,44.2,28,4,9.8,3.3,2,6.6,9,9,3.6,5.9,6.7,4.7,MODERATE
9.0,56.7,4,2,8.5,4.8,3,6.2,9,2,1.3,3.8,7.3,8.5,MODERATE
10.4,66.9,4,4,2.2,8.5,1,6.7,5,0,7.7,4.0,4.3,5.0,MODERATE
9.0,48.6,26,5,9.3,7.9,0,4.8,16,5,3.3,5.0,7.8,2.5,MODERATE
7.9,52.6,10,1,5.1,8.3,2,6.5,30,10,2.1,2.6,7.5,9.6,LOW
8.7,56.0,0,5,4.3,5.7,1,5.7,25,6,7.3,4.9,3.9,3.4,MODERATE
8.8,47.4,44,1,5.1,9.2,0,6.5,25,8,8.6,5.4,3.5,8.2,MODERATE
8.1,46.5,1,1,8.5,3.9,0,5.2,18,6,1.2,5.2,8.7,2.7,MODERATE
8.4,48.1,31,3,6.9,2.4,0,7.1,1,3,3.1,4.2,6.3,4.8,MODERATE
13.0,79.7,27,4,1.5,7.4,2,6.5,3,3,9.5,5.1,3.2,5.4,MODERATE
10.4,54.7,121,6,9.6,5.9,2,4.8,17,7,4.5,5.5,5.4,5.5,MODERATE
8.3,53.5,23,1,2.3,8.7,0,7.7,26,3,9.4,5.1,3.6,5.6,MODERATE
10.7,58.5,2,3,7.7,1.7,2,5.8,28,0,3.5,4.1,6.8,3.0,MODERATE
8.2,52.0,28,3,6.7,8.6,0,6.0,20,8,3.0,4.2,7.0,5.6,MODERATE
11.9,65.8,64,5,2.7,3.6,2,7.5,3,2,2.9,3.8,8.3,5.3,LOW
9.9,58.2,180,8,2.5,6.9,1,7.9,5,0,1.8,2.4,7.8,2.9,HIGH
8.7,56.0,19,1,8.8,1.4,2,5.9,13,8,9.1,7.4,3.2,9.9,MODERATE
10.1,62.6,13,4,4.8,6.5,1,6.6,30,10,9.8,6.7,3.3,8.8,MODERATE
5.1,38.5,83,1,6.9,7.5,1,7.4,6,10,9.6,6.4,2.8,9.0,MODERATE
6.2,31.9,7,2,5.5,4.3,2,8.1,11,9,8.7,5.3,4.3,7.2,MODERATE
6.0,40.4,33,1,7.5,2.9,0,6.6,1,9,8.6,7.6,3.2,2.4,HIGH
9.4,49.1,18,3,5.3,5.8,4,7.1,17,4,6.9,4.6,5.4,6.1,MODERATE
13.3,72.7,1,3,3.6,8.5,1,5.3,23,11,8.4,5.7,4.0,8.4,HIGH
14.6,81.2,14,6,4.3,3.9,1,4.5,12,8,2.9,4.3,6.2,1.3,HIGH
10.6,59.0,10,2,8.7,3.3,1,7.2,12,2,4.5,4.8,7.0,5.5,MODERATE
10.3,59.3,40,4,5.2,3.5,0,5.5,24,5,6.8,6.0,5.8,4.6,MODERATE
4.5,37.4,104,5,2.9,9.5,1,5.3,4,10,8.9,5.7,3.8,2.9,MODERATE
7.6,40.0,10,5,9.4,4.2,5,7.3,6,11,6.9,6.7,4.1,4.4,MODERATE
7.0,45.1,58,7,8.2,1.0,0,6.3,28,10,8.6,7.3,4.3,9.9,MODERATE
7.4,42.9,1,7,1.5,8.0,2,6.8,11,11,5.3,3.4,7.3,7.5,LOW
8.6,45.0,27,7,10.0,7.3,1,4.8,24,6,7.5,8.4,3.6,3.7,HIGH
7.8,41.4,2,4,7.3,2.2,2,5.3,13,4,9.8,7.2,2.8,6.4,MODERATE
4.1,34.7,95,0,2.4,9.9,0,8.6,0,11,2.4,2.8,7.9,3.2,LOW
10.9,67.7,50,1,3.1,6.5,1,5.6,23,7,9.3,6.6,2.5,6.5,MODERATE
6.3,45.1,37,3,7.2,5.5,5,6.2,9,9,5.7,6.5,5.1,9.1,MODERATE
9.6,62.9,60,2,8.0,4.4,0,6.8,25,5,6.8,6.2,5.6,6.0,MODERATE
14.2,74.1,36,4,3.2,9.1,1,5.1,24,11,8.9,5.6,3.8,7.6,HIGH
6.7,38.8,121,7,3.3,3.2,1,8.3,8,5,4.7,4.4,5.8,5.1,MODERATE
4.0,30.0,43,7,3.8,3.6,1,6.5,9,6,4.8,3.9,6.7,5.7,MODERATE
8.3,48.8,90,7,6.4,2.1,1,6.2,6,7,5.7,4.9,5.3,7.3,MODERATE
11.8,65.3,25,2,2.5,7.8,1,7.9,15,11,1.2,1.8,8.8,8.3,LOW
13.9,74.9,4,5,1.9,6.4,0,7.7,27,1,5.5,3.0,5.7,6.9,MODERATE
5.9,38.4,26,9,7.1,6.5,3,9.1,27,6,3.6,4.1,6.5,9.8,LOW
10.2,59.6,4,1,8.0,3.0,2,5.9,11,8,9.4,7.1,3.5,8.4,MODERATE
7.8,41.4,31,1,5.5,6.9,0,9.4,11,0,1.8,2.4,8.4,8.0,MODERATE
8.7,50.6,23,1,4.3,7.9,1,7.3,25,11,5.1,4.6,5.7,8.6,MODERATE
15.6,86.3,34,2,4.9,4.2,2,8.7,30,0,9.5,6.0,3.5,3.5,MODERATE
5.2,34.6,0,1,4.5,8.2,5,7.8,18,6,9.1,5.7,3.4,4.9,MODERATE
9.6,51.2,7,6,9.6,4.1,4,5.7,28,4,7.3,7.2,3.8,6.1,MODERATE
10.2,62.1,23,2,7.9,7.8,3,5.4,12,0,6.3,6.3,5.5,5.2,MODERATE
11.7,58.9,105,6,2.9,1.3,0,4.2,20,0,3.5,3.8,7.5,8.6,HIGH
9.2,51.3,16,9,4.5,6.0,3,3.9,28,1,4.3,4.9,6.4,1.2,MODERATE
9.8,60.7,19,4,5.9,9.7,3,5.7,17,10,1.8,4.0,8.0,2.9,MODERATE
8.0,48.5,43,1,6.5,9.8,1,8.1,26,9,8.1,5.7,4.2,8.9,MODERATE
9.7,52.4,32,4,5.2,3.5,1,5.9,25,8,3.9,4.6,6.9,1.5,MODERATE
8.1,50.9,12,2,8.3,5.0,1,5.6,2,11,7.0,6.2,4.2,3.0,MODERATE
10.6,61.5,18,7,7.9,1.6,2,7.4,25,11,4.2,4.5,7.0,4.2,MODERATE
8.1,52.4,8,5,5.5,8.9,0,5.4,6,2,5.2,4.7,6.2,7.8,MODERATE
9.9,60.5,118,7,8.7,6.1,0,8.9,0,8,6.0,5.1,5.3,6.0,MODERATE
8.9,53.7,4,5,7.8,4.5,0,6.2,2,5,8.2,7.4,3.4,9.6,MODERATE
11.8,66.3,16,5,8.0,2.0,1,7.7,20,9,2.9,4.6,7.6,3.1,MODERATE
8.9,46.5,0,7,9.6,9.5,0,6.2,26,5,4.6,5.3,6.0,8.8,MODERATE
4.6,30.0,8,3,3.4,5.8,2,6.5,13,6,2.2,3.2,7.6,3.5,MODERATE
12.2,67.3,53,3,3.4,3.5,0,8.0,3,9,1.7,2.1,8.3,3.2,LOW
6.7,42.5,7,6,9.0,4.2,3,6.8,18,10,6.4,5.9,5.4,5.5,MODERATE
7.4,44.7,2,3,8.0,3.4,3,8.4,21,7,2.7,3.2,6.9,1.6,MODERATE
7.5,41.8,22,6,9.3,6.4,3,5.5,27,10,1.5,5.2,7.5,4.5,MODERATE
12.4,62.1,0,4,1.6,9.4,2,4.8,5,2,9.1,5.0,4.5,4.2,HIGH
4.0,30.0,3,6,6.6,8.7,0,4.2,19,7,5.8,6.0,5.2,2.4,MODERATE
16.0,84.3,57,5,2.3,5.1,1,8.1,8,5,2.2,1.7,8.5,8.7,LOW
11.6,69.0,51,7,5.5,8.4,0,7.7,10,5,1.5,3.3,8.8,4.5,MODERATE
9.6,48.4,86,5,2.4,4.8,5,6.2,21,10,2.1,2.5,8.6,9.8,LOW
8.9,53.3,67,4,2.2,3.3,1,6.9,14,2,5.2,3.6,6.1,9.1,MODERATE
9.7,62.6,40,7,1.1,9.9,1,7.9,8,5,7.0,3.7,5.3,2.8,MODERATE
10.3,54.1,1,3,6.7,3.7,2,6.3,28,10,6.8,6.0,5.3,5.5,MODERATE
10.6,60.1,53,2,4.2,3.9,3,4.2,10,7,2.3,3.9,8.1,6.4,MODERATE
10.4,53.4,65,4,1.9,9.9,2,4.2,25,6,6.7,5.0,5.1,8.4,MODERATE
9.2,55.4,56,6,3.9,2.2,2,5.1,9,9,4.6,4.2,6.4,9.0,LOW
8.5,50.8,24,5,2.5,7.8,1,6.6,1,9,5.2,3.1,6.6,6.6,LOW
8.6,49.1,9,2,9.5,9.4,1,5.3,30,6,8.2,7.0,4.5,1.3,MODERATE
8.5,50.3,65,1,3.9,5.6,0,7.8,21,2,4.0,3.8,7.4,5.3,LOW
11.8,72.4,45,3,4.0,1.0,3,4.8,13,9,2.3,3.5,8.1,9.0,HIGH
10.5,55.4,138,8,8.6,4.4,1,5.6,3,2,8.9,7.1,2.9,7.4,HIGH
4.0,30.0,5,7,6.8,2.0,0,4.1,1,4,2.9,4.3,7.1,8.8,MODERATE
10.6,65.9,8,3,7.4,4.7,3,5.9,4,11,3.6,4.0,6.9,7.1,LOW
9.5,56.2,8,4,6.7,8.1,1,6.5,13,4,7.4,5.7,5.3,1.4,MODERATE
9.0,58.4,55,3,9.5,4.9,3,7.9,14,8,7.2,6.8,4.2,9.7,MODERATE
8.0,49.0,7,0,2.9,4.9,3,6.7,18,8,8.2,4.9,5.1,9.3,MODERATE
11.8,71.2,2,4,9.9,6.0,2,7.5,5,9,2.7,5.0,6.9,2.1,MODERATE
11.4,63.4,180,5,8.5,6.2,0,7.8,26,4,4.2,4.6,6.3,2.0,MODERATE
7.1,46.7,0,5,6.3,8.7,0,7.0,14,11,2.1,3.9,8.0,5.9,MODERATE
10.0,63.7,63,3,7.0,3.8,3,5.3,13,4,5.9,5.7,6.1,7.8,MODERATE
6.6,41.6,15,2,6.8,8.4,3,7.0,7,5,3.6,3.8,7.0,4.4,MODERATE
5.6,30.7,64,4,1.5,6.1,1,8.4,19,7,7.2,3.7,4.0,2.2,MODERATE
7.4,41.0,28,7,3.0,3.7,1,6.1,11,5,1.0,3.4,7.7,5.6,MODERATE
11.2,59.0,81,0,9.7,3.7,0,7.2,3,10,1.5,5.2,7.8,4.0,MODERATE
11.4,60.7,91,8,5.8,4.3,4,7.2,20,11,4.9,4.8,5.4,4.2,MODERATE
10.3,56.1,0,3,4.4,6.6,0,6.0,5,5,9.6,6.3,2.9,6.8,MODERATE
10.8,62.3,2,6,7.9,3.1,0,7.7,10,8,9.0,6.8,3.5,9.0,MODERATE
10.3,60.3,10,2,5.7,9.3,2,6.0,22,0,9.9,7.0,1.7,6.0,MODERATE
7.4,43.4,38,1,1.1,6.2,0,7.1,21,3,4.8,3.1,6.5,7.2,MODERATE
10.1,59.7,76,4,7.6,9.3,3,6.2,6,9,1.4,4.2,7.5,6.9,LOW
11.0,56.2,21,5,7.6,1.4,0,6.6,24,9,3.8,4.9,5.9,6.0,MODERATE
10.9,55.8,32,0,2.5,4.1,0,7.7,3,11,7.1,4.1,4.8,3.8,MODERATE
12.0,62.6,7,4,9.6,1.2,1,4.0,25,1,2.2,5.0,6.9,4.4,HIGH
10.8,61.8,57,4,3.0,3.5,1,7.3,14,8,3.7,3.0,7.5,3.8,LOW
9.9,52.7,119,2,5.1,8.8,0,7.4,0,2,1.5,3.3,8.9,9.3,MODERATE
11.7,62.7,10,4,2.0,1.3,1,5.8,30,9,5.3,4.0,6.0,8.4,LOW
8.9,50.5,23,3,6.4,4.9,1,6.5,8,10,2.9,4.3,7.0,6.2,MODERATE
6.8,46.2,3,2,4.4,2.1,3,5.2,22,1,1.8,3.3,7.9,9.2,MODERATE
8.6,43.2,28,3,4.2,4.8,0,5.5,19,7,4.7,4.0,5.9,9.0,LOW
7.1,45.2,24,4,8.4,8.5,4,6.9,25,3,4.2,5.0,5.8,9.3,MODERATE
